
ago. 20, 2026 1:19:45 PM com.hvs.webstore.back.infra.media.DetectionLogger printSummary
INFO: === Detection Summary (INTRO) ===
Total files:      0
Detected:         0
Failed:           0
Avg confidence:   0,000
Total time (ms):  0

ago. 20, 2026 1:19:46 PM com.hvs.webstore.back.infra.media.ChromaprintIntroDetector detectIntroPrecomputed
INFO: Intro detection (precomputed) completed: 13 files in 25100ms
ago. 20, 2026 1:20:22 PM com.hvs.webstore.back.infra.media.DetectionLogger printSummary
INFO: === Detection Summary (ENDING) ===
Total files:      0
Detected:         0
Failed:           0
Avg confidence:   0,000
Total time (ms):  0

ago. 20, 2026 1:20:22 PM com.hvs.webstore.back.infra.media.ChromaprintEndingDetector detectEndingPrecomputed
INFO: Ending detection (precomputed) completed: 13 files in 61137ms
ago. 20, 2026 1:21:17 PM com.hvs.webstore.back.infra.media.DetectionLogger printSummary
INFO: === Detection Summary (ENDING) ===
Total files:      0
Detected:         0
Failed:           0
Avg confidence:   0,000
Total time (ms):  0

ago. 20, 2026 1:21:17 PM com.hvs.webstore.back.infra.media.ChromaprintEndingDetector detectEndingPrecomputed
INFO: Ending detection (precomputed) completed: 103 files in 52466ms
ago. 20, 2026 1:21:57 PM com.hvs.webstore.back.infra.media.DetectionLogger printSummary
INFO: === Detection Summary (INTRO) ===
Total files:      0
Detected:         0
Failed:           0
Avg confidence:   0,000
Total time (ms):  0

ago. 20, 2026 1:21:57 PM com.hvs.webstore.back.infra.media.ChromaprintIntroDetector detectIntroPrecomputed
INFO: Intro detection (precomputed) completed: 103 files in 92223ms
ago. 20, 2026 1:21:58 PM com.hvs.webstore.back.infra.media.DetectionLogger printSummary
INFO: === Detection Summary (INTRO) ===
Total files:      0
Detected:         0
Failed:           0
Avg confidence:   0,000
Total time (ms):  0

ago. 20, 2026 1:21:58 PM com.hvs.webstore.back.infra.media.ChromaprintIntroDetector detectIntroPrecomputed
INFO: Intro detection (precomputed) completed: 3 files in 1047ms
ago. 20, 2026 1:22:50 PM com.hvs.webstore.back.infra.media.DetectionLogger printSummary
INFO: === Detection Summary (ENDING) ===
Total files:      0
Detected:         0
Failed:           0
Avg confidence:   0,000
Total time (ms):  0

ago. 20, 2026 1:22:50 PM com.hvs.webstore.back.infra.media.ChromaprintEndingDetector detectEndingPrecomputed
INFO: Ending detection (precomputed) completed: 3 files in 52560ms
ago. 20, 2026 1:23:53 PM com.hvs.webstore.back.infra.media.DetectionLogger printSummary
INFO: === Detection Summary (INTRO) ===
Total files:      0
Detected:         0
Failed:           0
Avg confidence:   0,000
Total time (ms):  0

ago. 20, 2026 1:23:53 PM com.hvs.webstore.back.infra.media.ChromaprintIntroDetector detectIntroPrecomputed
INFO: Intro detection (precomputed) completed: 12 files in 63063ms
ago. 20, 2026 1:24:21 PM com.hvs.webstore.back.infra.media.DetectionLogger printSummary
INFO: === Detection Summary (ENDING) ===
Total files:      0
Detected:         0
Failed:           0
Avg confidence:   0,000
Total time (ms):  0

ago. 20, 2026 1:24:21 PM com.hvs.webstore.back.infra.media.ChromaprintEndingDetector detectEndingPrecomputed
INFO: Ending detection (precomputed) completed: 12 files in 90985ms
ago. 20, 2026 1:24:21 PM com.hvs.webstore.back.infra.media.DetectionLogger printSummary
INFO: === Detection Summary (ENDING) ===
Total files:      0
Detected:         0
Failed:           0
Avg confidence:   0,000
Total time (ms):  0

ago. 20, 2026 1:24:21 PM com.hvs.webstore.back.infra.media.ChromaprintEndingDetector detectEndingPrecomputed
INFO: Ending detection (precomputed) completed: 2 files in 153ms
ago. 20, 2026 1:24:23 PM com.hvs.webstore.back.infra.media.DetectionLogger printSummary
INFO: === Detection Summary (INTRO) ===
Total files:      0
Detected:         0
Failed:           0
Avg confidence:   0,000
Total time (ms):  0

ago. 20, 2026 1:24:23 PM com.hvs.webstore.back.infra.media.ChromaprintIntroDetector detectIntroPrecomputed
INFO: Intro detection (precomputed) completed: 2 files in 1366ms
ago. 20, 2026 1:24:42 PM com.hvs.webstore.back.infra.media.DetectionLogger printSummary
INFO: === Detection Summary (INTRO) ===
Total files:      0
Detected:         0
Failed:           0
Avg confidence:   0,000
Total time (ms):  0

ago. 20, 2026 1:24:42 PM com.hvs.webstore.back.infra.media.ChromaprintIntroDetector detectIntroPrecomputed
INFO: Intro detection (precomputed) completed: 12 files in 18551ms
ago. 20, 2026 1:25:19 PM com.hvs.webstore.back.infra.media.DetectionLogger printSummary
INFO: === Detection Summary (ENDING) ===
Total files:      0
Detected:         0
Failed:           0
Avg confidence:   0,000
Total time (ms):  0

ago. 20, 2026 1:25:19 PM com.hvs.webstore.back.infra.media.ChromaprintEndingDetector detectEndingPrecomputed
INFO: Ending detection (precomputed) completed: 12 files in 55892ms
ago. 20, 2026 1:26:59 PM com.hvs.webstore.back.infra.media.DetectionLogger printSummary
INFO: === Detection Summary (INTRO) ===
Total files:      0
Detected:         0
Failed:           0
Avg confidence:   0,000
Total time (ms):  0

ago. 20, 2026 1:26:59 PM com.hvs.webstore.back.infra.media.ChromaprintIntroDetector detectIntroPrecomputed
INFO: Intro detection (precomputed) completed: 28 files in 98878ms
ago. 20, 2026 1:29:18 PM com.hvs.webstore.back.infra.media.DetectionLogger printSummary
INFO: === Detection Summary (ENDING) ===
Total files:      0
Detected:         0
Failed:           0
Avg confidence:   0,000
Total time (ms):  0

ago. 20, 2026 1:29:18 PM com.hvs.webstore.back.infra.media.ChromaprintEndingDetector detectEndingPrecomputed
INFO: Ending detection (precomputed) completed: 28 files in 238534ms
ago. 20, 2026 1:33:57 PM com.hvs.webstore.back.infra.media.DetectionLogger printSummary
INFO: === Detection Summary (INTRO) ===
Total files:      0
Detected:         0
Failed:           0
Avg confidence:   0,000
Total time (ms):  0

ago. 20, 2026 1:33:57 PM com.hvs.webstore.back.infra.media.ChromaprintIntroDetector detectIntroPrecomputed
INFO: Intro detection (precomputed) completed: 11 files in 278678ms
ago. 20, 2026 1:41:36 PM com.hvs.webstore.back.infra.media.DetectionLogger printSummary
INFO: === Detection Summary (ENDING) ===
Total files:      0
Detected:         0
Failed:           0
Avg confidence:   0,000
Total time (ms):  0

ago. 20, 2026 1:41:36 PM com.hvs.webstore.back.infra.media.ChromaprintEndingDetector detectEndingPrecomputed
INFO: Ending detection (precomputed) completed: 11 files in 736864ms
ago. 20, 2026 1:42:41 PM com.hvs.webstore.back.infra.media.DetectionLogger printSummary
INFO: === Detection Summary (INTRO) ===
Total files:      0
Detected:         0
Failed:           0
Avg confidence:   0,000
Total time (ms):  0

ago. 20, 2026 1:42:41 PM com.hvs.webstore.back.infra.media.ChromaprintIntroDetector detectIntroPrecomputed
INFO: Intro detection (precomputed) completed: 26 files in 64596ms
ago. 20, 2026 1:44:07 PM com.hvs.webstore.back.infra.media.DetectionLogger printSummary
INFO: === Detection Summary (ENDING) ===
Total files:      0
Detected:         0
Failed:           0
Avg confidence:   0,000
Total time (ms):  0

ago. 20, 2026 1:44:07 PM com.hvs.webstore.back.infra.media.ChromaprintEndingDetector detectEndingPrecomputed
INFO: Ending detection (precomputed) completed: 26 files in 150009ms
ago. 20, 2026 1:45:44 PM com.hvs.webstore.back.infra.media.DetectionLogger printSummary
INFO: === Detection Summary (ENDING) ===
Total files:      0
Detected:         0
Failed:           0
Avg confidence:   0,000
Total time (ms):  0

ago. 20, 2026 1:45:44 PM com.hvs.webstore.back.infra.media.ChromaprintEndingDetector detectEndingPrecomputed
INFO: Ending detection (precomputed) completed: 26 files in 96596ms
ago. 20, 2026 1:45:55 PM com.hvs.webstore.back.infra.media.DetectionLogger printSummary
INFO: === Detection Summary (INTRO) ===
Total files:      0
Detected:         0
Failed:           0
Avg confidence:   0,000
Total time (ms):  0

ago. 20, 2026 1:45:55 PM com.hvs.webstore.back.infra.media.ChromaprintIntroDetector detectIntroPrecomputed
INFO: Intro detection (precomputed) completed: 26 files in 107950ms
ago. 20, 2026 1:46:52 PM com.hvs.webstore.back.infra.media.DetectionLogger printSummary
INFO: === Detection Summary (INTRO) ===
Total files:      0
Detected:         0
Failed:           0
Avg confidence:   0,000
Total time (ms):  0

ago. 20, 2026 1:46:52 PM com.hvs.webstore.back.infra.media.ChromaprintIntroDetector detectIntroPrecomputed
INFO: Intro detection (precomputed) completed: 7 files in 56209ms
ago. 20, 2026 1:47:20 PM com.hvs.webstore.back.infra.media.DetectionLogger printSummary
INFO: === Detection Summary (ENDING) ===
Total files:      0
Detected:         0
Failed:           0
Avg confidence:   0,000
Total time (ms):  0

ago. 20, 2026 1:47:20 PM com.hvs.webstore.back.infra.media.ChromaprintEndingDetector detectEndingPrecomputed
INFO: Ending detection (precomputed) completed: 7 files in 84073ms
ago. 20, 2026 1:48:25 PM com.hvs.webstore.back.infra.media.DetectionLogger printSummary
INFO: === Detection Summary (INTRO) ===
Total files:      0
Detected:         0
Failed:           0
Avg confidence:   0,000
Total time (ms):  0

ago. 20, 2026 1:48:25 PM com.hvs.webstore.back.infra.media.ChromaprintIntroDetector detectIntroPrecomputed
INFO: Intro detection (precomputed) completed: 11 files in 64272ms
ago. 20, 2026 1:49:52 PM com.hvs.webstore.back.infra.media.DetectionLogger printSummary
INFO: === Detection Summary (ENDING) ===
Total files:      0
Detected:         0
Failed:           0
Avg confidence:   0,000
Total time (ms):  0

ago. 20, 2026 1:49:52 PM com.hvs.webstore.back.infra.media.ChromaprintEndingDetector detectEndingPrecomputed
INFO: Ending detection (precomputed) completed: 11 files in 151581ms
ago. 20, 2026 1:50:57 PM com.hvs.webstore.back.infra.media.DetectionLogger printSummary
INFO: === Detection Summary (INTRO) ===
Total files:      0
Detected:         0
Failed:           0
Avg confidence:   0,000
Total time (ms):  0

ago. 20, 2026 1:50:57 PM com.hvs.webstore.back.infra.media.ChromaprintIntroDetector detectIntroPrecomputed
INFO: Intro detection (precomputed) completed: 11 files in 65243ms
ago. 20, 2026 1:51:21 PM com.hvs.webstore.back.infra.media.DetectionLogger printSummary
INFO: === Detection Summary (ENDING) ===
Total files:      0
Detected:         0
Failed:           0
Avg confidence:   0,000
Total time (ms):  0

ago. 20, 2026 1:51:21 PM com.hvs.webstore.back.infra.media.ChromaprintEndingDetector detectEndingPrecomputed
INFO: Ending detection (precomputed) completed: 11 files in 88487ms
ago. 20, 2026 1:59:50 PM com.hvs.webstore.back.infra.media.DetectionLogger printSummary
INFO: === Detection Summary (ENDING) ===
Total files:      0
Detected:         0
Failed:           0
Avg confidence:   0,000
Total time (ms):  0

ago. 20, 2026 1:59:50 PM com.hvs.webstore.back.infra.media.ChromaprintEndingDetector detectEndingPrecomputed
INFO: Ending detection (precomputed) completed: 8 files in 508944ms
ago. 20, 2026 2:00:25 PM com.hvs.webstore.back.infra.media.DetectionLogger printSummary
INFO: === Detection Summary (INTRO) ===
Total files:      0
Detected:         0
Failed:           0
Avg confidence:   0,000
Total time (ms):  0

ago. 20, 2026 2:00:25 PM com.hvs.webstore.back.infra.media.ChromaprintIntroDetector detectIntroPrecomputed
INFO: Intro detection (precomputed) completed: 8 files in 543738ms
ago. 20, 2026 2:00:52 PM com.hvs.webstore.back.infra.media.DetectionLogger printSummary
INFO: === Detection Summary (INTRO) ===
Total files:      0
Detected:         0
Failed:           0
Avg confidence:   0,000
Total time (ms):  0

ago. 20, 2026 2:00:52 PM com.hvs.webstore.back.infra.media.ChromaprintIntroDetector detectIntroPrecomputed
INFO: Intro detection (precomputed) completed: 54 files in 24328ms
ago. 20, 2026 2:01:52 PM com.hvs.webstore.back.infra.media.DetectionLogger printSummary
INFO: === Detection Summary (ENDING) ===
Total files:      0
Detected:         0
Failed:           0
Avg confidence:   0,000
Total time (ms):  0

ago. 20, 2026 2:01:52 PM com.hvs.webstore.back.infra.media.ChromaprintEndingDetector detectEndingPrecomputed
INFO: Ending detection (precomputed) completed: 54 files in 84867ms
ago. 20, 2026 2:02:22 PM com.hvs.webstore.back.infra.media.DetectionLogger printSummary
INFO: === Detection Summary (ENDING) ===
Total files:      0
Detected:         0
Failed:           0
Avg confidence:   0,000
Total time (ms):  0

ago. 20, 2026 2:02:22 PM com.hvs.webstore.back.infra.media.ChromaprintEndingDetector detectEndingPrecomputed
INFO: Ending detection (precomputed) completed: 50 files in 28410ms
ago. 20, 2026 2:03:07 PM com.hvs.webstore.back.infra.media.DetectionLogger printSummary
INFO: === Detection Summary (INTRO) ===
Total files:      0
Detected:         0
Failed:           0
Avg confidence:   0,000
Total time (ms):  0

ago. 20, 2026 2:03:07 PM com.hvs.webstore.back.infra.media.ChromaprintIntroDetector detectIntroPrecomputed
INFO: Intro detection (precomputed) completed: 50 files in 73050ms
ago. 20, 2026 2:04:21 PM com.hvs.webstore.back.infra.media.DetectionLogger printSummary
INFO: === Detection Summary (ENDING) ===
Total files:      0
Detected:         0
Failed:           0
Avg confidence:   0,000
Total time (ms):  0

ago. 20, 2026 2:04:21 PM com.hvs.webstore.back.infra.media.ChromaprintEndingDetector detectEndingPrecomputed
INFO: Ending detection (precomputed) completed: 48 files in 72493ms
ago. 20, 2026 2:05:10 PM com.hvs.webstore.back.infra.media.DetectionLogger printSummary
INFO: === Detection Summary (INTRO) ===
Total files:      0
Detected:         0
Failed:           0
Avg confidence:   0,000
Total time (ms):  0

ago. 20, 2026 2:05:10 PM com.hvs.webstore.back.infra.media.ChromaprintIntroDetector detectIntroPrecomputed
INFO: Intro detection (precomputed) completed: 48 files in 121936ms
ago. 20, 2026 2:07:23 PM com.hvs.webstore.back.infra.media.DetectionLogger printSummary
INFO: === Detection Summary (INTRO) ===
Total files:      0
Detected:         0
Failed:           0
Avg confidence:   0,000
Total time (ms):  0

ago. 20, 2026 2:07:23 PM com.hvs.webstore.back.infra.media.ChromaprintIntroDetector detectIntroPrecomputed
INFO: Intro detection (precomputed) completed: 30 files in 131885ms
ago. 20, 2026 2:07:38 PM com.hvs.webstore.back.infra.media.DetectionLogger printSummary
INFO: === Detection Summary (ENDING) ===
Total files:      0
Detected:         0
Failed:           0
Avg confidence:   0,000
Total time (ms):  0

ago. 20, 2026 2:07:38 PM com.hvs.webstore.back.infra.media.ChromaprintEndingDetector detectEndingPrecomputed
INFO: Ending detection (precomputed) completed: 30 files in 146133ms
ago. 20, 2026 2:10:50 PM com.hvs.webstore.back.infra.media.DetectionLogger printSummary
INFO: === Detection Summary (INTRO) ===
Total files:      0
Detected:         0
Failed:           0
Avg confidence:   0,000
Total time (ms):  0

ago. 20, 2026 2:10:50 PM com.hvs.webstore.back.infra.media.ChromaprintIntroDetector detectIntroPrecomputed
INFO: Intro detection (precomputed) completed: 24 files in 191093ms
ago. 20, 2026 2:11:13 PM com.hvs.webstore.back.infra.media.DetectionLogger printSummary
INFO: === Detection Summary (ENDING) ===
Total files:      0
Detected:         0
Failed:           0
Avg confidence:   0,000
Total time (ms):  0

ago. 20, 2026 2:11:13 PM com.hvs.webstore.back.infra.media.ChromaprintEndingDetector detectEndingPrecomputed
INFO: Ending detection (precomputed) completed: 24 files in 214210ms
ago. 20, 2026 2:12:15 PM com.hvs.webstore.back.infra.media.DetectionLogger printSummary
INFO: === Detection Summary (INTRO) ===
Total files:      0
Detected:         0
Failed:           0
Avg confidence:   0,000
Total time (ms):  0

ago. 20, 2026 2:12:15 PM com.hvs.webstore.back.infra.media.ChromaprintIntroDetector detectIntroPrecomputed
INFO: Intro detection (precomputed) completed: 11 files in 61650ms
ago. 20, 2026 2:12:43 PM com.hvs.webstore.back.infra.media.DetectionLogger printSummary
INFO: === Detection Summary (ENDING) ===
Total files:      0
Detected:         0
Failed:           0
Avg confidence:   0,000
Total time (ms):  0

ago. 20, 2026 2:12:43 PM com.hvs.webstore.back.infra.media.ChromaprintEndingDetector detectEndingPrecomputed
INFO: Ending detection (precomputed) completed: 11 files in 89671ms
ago. 20, 2026 2:30:21 PM com.hvs.webstore.back.infra.media.DetectionLogger printSummary
INFO: === Detection Summary (INTRO) ===
Total files:      0
Detected:         0
Failed:           0
Avg confidence:   0,000
Total time (ms):  0

ago. 20, 2026 2:30:21 PM com.hvs.webstore.back.infra.media.ChromaprintIntroDetector detectIntroPrecomputed
INFO: Intro detection (precomputed) completed: 20 files in 993919ms
ago. 20, 2026 2:33:58 PM com.hvs.webstore.back.infra.media.DetectionLogger printSummary
INFO: === Detection Summary (ENDING) ===
Total files:      0
Detected:         0
Failed:           0
Avg confidence:   0,000
Total time (ms):  0

ago. 20, 2026 2:33:58 PM com.hvs.webstore.back.infra.media.ChromaprintEndingDetector detectEndingPrecomputed
INFO: Ending detection (precomputed) completed: 20 files in 1211040ms
ago. 20, 2026 2:34:43 PM com.hvs.webstore.back.infra.media.DetectionLogger printSummary
INFO: === Detection Summary (ENDING) ===
Total files:      0
Detected:         0
Failed:           0
Avg confidence:   0,000
Total time (ms):  0

ago. 20, 2026 2:34:43 PM com.hvs.webstore.back.infra.media.ChromaprintEndingDetector detectEndingPrecomputed
INFO: Ending detection (precomputed) completed: 35 files in 15574ms
ago. 20, 2026 2:35:39 PM com.hvs.webstore.back.infra.media.DetectionLogger printSummary
INFO: === Detection Summary (INTRO) ===
Total files:      0
Detected:         0
Failed:           0
Avg confidence:   0,000
Total time (ms):  0

ago. 20, 2026 2:35:39 PM com.hvs.webstore.back.infra.media.ChromaprintIntroDetector detectIntroPrecomputed
INFO: Intro detection (precomputed) completed: 35 files in 71197ms
ago. 20, 2026 2:37:18 PM com.hvs.webstore.back.infra.media.DetectionLogger printSummary
INFO: === Detection Summary (INTRO) ===
Total files:      0
Detected:         0
Failed:           0
Avg confidence:   0,000
Total time (ms):  0

ago. 20, 2026 2:37:18 PM com.hvs.webstore.back.infra.media.ChromaprintIntroDetector detectIntroPrecomputed
INFO: Intro detection (precomputed) completed: 15 files in 83032ms
ago. 20, 2026 2:37:58 PM com.hvs.webstore.back.infra.media.DetectionLogger printSummary
INFO: === Detection Summary (ENDING) ===
Total files:      0
Detected:         0
Failed:           0
Avg confidence:   0,000
Total time (ms):  0

ago. 20, 2026 2:37:58 PM com.hvs.webstore.back.infra.media.ChromaprintEndingDetector detectEndingPrecomputed
INFO: Ending detection (precomputed) completed: 15 files in 123899ms
ago. 20, 2026 2:39:09 PM com.hvs.webstore.back.infra.media.DetectionLogger printSummary
INFO: === Detection Summary (INTRO) ===
Total files:      0
Detected:         0
Failed:           0
Avg confidence:   0,000
Total time (ms):  0

ago. 20, 2026 2:39:09 PM com.hvs.webstore.back.infra.media.ChromaprintIntroDetector detectIntroPrecomputed
INFO: Intro detection (precomputed) completed: 13 files in 54024ms
ago. 20, 2026 2:40:41 PM com.hvs.webstore.back.infra.media.DetectionLogger printSummary
INFO: === Detection Summary (ENDING) ===
Total files:      0
Detected:         0
Failed:           0
Avg confidence:   0,000
Total time (ms):  0

ago. 20, 2026 2:40:41 PM com.hvs.webstore.back.infra.media.ChromaprintEndingDetector detectEndingPrecomputed
INFO: Ending detection (precomputed) completed: 13 files in 145565ms
ago. 20, 2026 2:42:15 PM com.hvs.webstore.back.infra.media.DetectionLogger printSummary
INFO: === Detection Summary (INTRO) ===
Total files:      0
Detected:         0
Failed:           0
Avg confidence:   0,000
Total time (ms):  0

ago. 20, 2026 2:42:15 PM com.hvs.webstore.back.infra.media.ChromaprintIntroDetector detectIntroPrecomputed
INFO: Intro detection (precomputed) completed: 24 files in 60132ms
ago. 20, 2026 2:44:36 PM com.hvs.webstore.back.infra.media.DetectionLogger printSummary
INFO: === Detection Summary (ENDING) ===
Total files:      0
Detected:         0
Failed:           0
Avg confidence:   0,000
Total time (ms):  0

ago. 20, 2026 2:44:36 PM com.hvs.webstore.back.infra.media.ChromaprintEndingDetector detectEndingPrecomputed
INFO: Ending detection (precomputed) completed: 24 files in 201289ms
ago. 20, 2026 2:44:44 PM com.hvs.webstore.back.infra.media.DetectionLogger printSummary
INFO: === Detection Summary (ENDING) ===
Total files:      0
Detected:         0
Failed:           0
Avg confidence:   0,000
Total time (ms):  0

ago. 20, 2026 2:44:44 PM com.hvs.webstore.back.infra.media.ChromaprintEndingDetector detectEndingPrecomputed
INFO: Ending detection (precomputed) completed: 8 files in 558ms
ago. 20, 2026 2:44:57 PM com.hvs.webstore.back.infra.media.DetectionLogger printSummary
INFO: === Detection Summary (INTRO) ===
Total files:      0
Detected:         0
Failed:           0
Avg confidence:   0,000
Total time (ms):  0

ago. 20, 2026 2:44:57 PM com.hvs.webstore.back.infra.media.ChromaprintIntroDetector detectIntroPrecomputed
INFO: Intro detection (precomputed) completed: 8 files in 13280ms
ago. 20, 2026 2:46:12 PM com.hvs.webstore.back.infra.media.DetectionLogger printSummary
INFO: === Detection Summary (INTRO) ===
Total files:      0
Detected:         0
Failed:           0
Avg confidence:   0,000
Total time (ms):  0

ago. 20, 2026 2:46:12 PM com.hvs.webstore.back.infra.media.ChromaprintIntroDetector detectIntroPrecomputed
INFO: Intro detection (precomputed) completed: 19 files in 52721ms
ago. 20, 2026 2:47:35 PM com.hvs.webstore.back.infra.media.DetectionLogger printSummary
INFO: === Detection Summary (ENDING) ===
Total files:      0
Detected:         0
Failed:           0
Avg confidence:   0,000
Total time (ms):  0

ago. 20, 2026 2:47:35 PM com.hvs.webstore.back.infra.media.ChromaprintEndingDetector detectEndingPrecomputed
INFO: Ending detection (precomputed) completed: 19 files in 136048ms
ago. 20, 2026 2:49:15 PM com.hvs.webstore.back.infra.media.DetectionLogger printSummary
INFO: === Detection Summary (INTRO) ===
Total files:      0
Detected:         0
Failed:           0
Avg confidence:   0,000
Total time (ms):  0

ago. 20, 2026 2:49:15 PM com.hvs.webstore.back.infra.media.ChromaprintIntroDetector detectIntroPrecomputed
INFO: Intro detection (precomputed) completed: 17 files in 80721ms
ago. 20, 2026 2:49:52 PM com.hvs.webstore.back.infra.media.DetectionLogger printSummary
INFO: === Detection Summary (ENDING) ===
Total files:      0
Detected:         0
Failed:           0
Avg confidence:   0,000
Total time (ms):  0

ago. 20, 2026 2:49:52 PM com.hvs.webstore.back.infra.media.ChromaprintEndingDetector detectEndingPrecomputed
INFO: Ending detection (precomputed) completed: 17 files in 118207ms
ago. 20, 2026 2:50:05 PM com.hvs.webstore.back.infra.media.DetectionLogger printSummary
INFO: === Detection Summary (ENDING) ===
Total files:      0
Detected:         0
Failed:           0
Avg confidence:   0,000
Total time (ms):  0

ago. 20, 2026 2:50:05 PM com.hvs.webstore.back.infra.media.ChromaprintEndingDetector detectEndingPrecomputed
INFO: Ending detection (precomputed) completed: 11 files in 909ms
ago. 20, 2026 2:50:18 PM com.hvs.webstore.back.infra.media.DetectionLogger printSummary
INFO: === Detection Summary (INTRO) ===
Total files:      0
Detected:         0
Failed:           0
Avg confidence:   0,000
Total time (ms):  0

ago. 20, 2026 2:50:18 PM com.hvs.webstore.back.infra.media.ChromaprintIntroDetector detectIntroPrecomputed
INFO: Intro detection (precomputed) completed: 11 files in 14618ms
ago. 20, 2026 2:52:45 PM com.hvs.webstore.back.infra.media.DetectionLogger printSummary
INFO: === Detection Summary (ENDING) ===
Total files:      0
Detected:         0
Failed:           0
Avg confidence:   0,000
Total time (ms):  0

ago. 20, 2026 2:52:45 PM com.hvs.webstore.back.infra.media.ChromaprintEndingDetector detectEndingPrecomputed
INFO: Ending detection (precomputed) completed: 72 files in 81341ms
ago. 20, 2026 2:55:03 PM com.hvs.webstore.back.infra.media.DetectionLogger printSummary
INFO: === Detection Summary (INTRO) ===
Total files:      0
Detected:         0
Failed:           0
Avg confidence:   0,000
Total time (ms):  0

ago. 20, 2026 2:55:03 PM com.hvs.webstore.back.infra.media.ChromaprintIntroDetector detectIntroPrecomputed
INFO: Intro detection (precomputed) completed: 72 files in 219407ms
ago. 20, 2026 2:56:09 PM com.hvs.webstore.back.infra.media.DetectionLogger printSummary
INFO: === Detection Summary (INTRO) ===
Total files:      0
Detected:         0
Failed:           0
Avg confidence:   0,000
Total time (ms):  0

ago. 20, 2026 2:56:09 PM com.hvs.webstore.back.infra.media.ChromaprintIntroDetector detectIntroPrecomputed
INFO: Intro detection (precomputed) completed: 7 files in 54699ms
ago. 20, 2026 2:57:31 PM com.hvs.webstore.back.infra.media.DetectionLogger printSummary
INFO: === Detection Summary (ENDING) ===
Total files:      0
Detected:         0
Failed:           0
Avg confidence:   0,000
Total time (ms):  0

ago. 20, 2026 2:57:31 PM com.hvs.webstore.back.infra.media.ChromaprintEndingDetector detectEndingPrecomputed
INFO: Ending detection (precomputed) completed: 7 files in 137372ms
ago. 20, 2026 2:58:14 PM com.hvs.webstore.back.infra.media.DetectionLogger printSummary
INFO: === Detection Summary (INTRO) ===
Total files:      0
Detected:         0
Failed:           0
Avg confidence:   0,000
Total time (ms):  0

ago. 20, 2026 2:58:14 PM com.hvs.webstore.back.infra.media.ChromaprintIntroDetector detectIntroPrecomputed
INFO: Intro detection (precomputed) completed: 10 files in 27925ms
ago. 20, 2026 2:58:38 PM com.hvs.webstore.back.infra.media.DetectionLogger printSummary
INFO: === Detection Summary (ENDING) ===
Total files:      0
Detected:         0
Failed:           0
Avg confidence:   0,000
Total time (ms):  0

ago. 20, 2026 2:58:38 PM com.hvs.webstore.back.infra.media.ChromaprintEndingDetector detectEndingPrecomputed
INFO: Ending detection (precomputed) completed: 10 files in 51878ms
ago. 20, 2026 3:00:12 PM com.hvs.webstore.back.infra.media.DetectionLogger printSummary
INFO: === Detection Summary (INTRO) ===
Total files:      0
Detected:         0
Failed:           0
Avg confidence:   0,000
Total time (ms):  0

ago. 20, 2026 3:00:12 PM com.hvs.webstore.back.infra.media.ChromaprintIntroDetector detectIntroPrecomputed
INFO: Intro detection (precomputed) completed: 12 files in 80232ms
ago. 20, 2026 3:00:50 PM com.hvs.webstore.back.infra.media.DetectionLogger printSummary
INFO: === Detection Summary (ENDING) ===
Total files:      0
Detected:         0
Failed:           0
Avg confidence:   0,000
Total time (ms):  0

ago. 20, 2026 3:00:50 PM com.hvs.webstore.back.infra.media.ChromaprintEndingDetector detectEndingPrecomputed
INFO: Ending detection (precomputed) completed: 12 files in 118931ms
ago. 20, 2026 3:02:21 PM com.hvs.webstore.back.infra.media.DetectionLogger printSummary
INFO: === Detection Summary (INTRO) ===
Total files:      0
Detected:         0
Failed:           0
Avg confidence:   0,000
Total time (ms):  0

ago. 20, 2026 3:02:21 PM com.hvs.webstore.back.infra.media.ChromaprintIntroDetector detectIntroPrecomputed
INFO: Intro detection (precomputed) completed: 30 files in 55319ms
ago. 20, 2026 3:07:24 PM com.hvs.webstore.back.infra.media.DetectionLogger printSummary
INFO: === Detection Summary (ENDING) ===
Total files:      0
Detected:         0
Failed:           0
Avg confidence:   0,000
Total time (ms):  0

ago. 20, 2026 3:07:24 PM com.hvs.webstore.back.infra.media.ChromaprintEndingDetector detectEndingPrecomputed
INFO: Ending detection (precomputed) completed: 30 files in 358845ms
ago. 20, 2026 3:08:42 PM com.hvs.webstore.back.infra.media.DetectionLogger printSummary
INFO: === Detection Summary (INTRO) ===
Total files:      0
Detected:         0
Failed:           0
Avg confidence:   0,000
Total time (ms):  0

ago. 20, 2026 3:08:42 PM com.hvs.webstore.back.infra.media.ChromaprintIntroDetector detectIntroPrecomputed
INFO: Intro detection (precomputed) completed: 17 files in 56426ms
ago. 20, 2026 3:11:02 PM com.hvs.webstore.back.infra.media.DetectionLogger printSummary
INFO: === Detection Summary (ENDING) ===
Total files:      0
Detected:         0
Failed:           0
Avg confidence:   0,000
Total time (ms):  0

ago. 20, 2026 3:11:02 PM com.hvs.webstore.back.infra.media.ChromaprintEndingDetector detectEndingPrecomputed
INFO: Ending detection (precomputed) completed: 17 files in 196408ms
ago. 20, 2026 3:11:20 PM com.hvs.webstore.back.infra.media.DetectionLogger printSummary
INFO: === Detection Summary (ENDING) ===
Total files:      0
Detected:         0
Failed:           0
Avg confidence:   0,000
Total time (ms):  0

ago. 20, 2026 3:11:20 PM com.hvs.webstore.back.infra.media.ChromaprintEndingDetector detectEndingPrecomputed
INFO: Ending detection (precomputed) completed: 6 files in 187ms
ago. 20, 2026 3:11:58 PM com.hvs.webstore.back.infra.media.DetectionLogger printSummary
INFO: === Detection Summary (INTRO) ===
Total files:      0
Detected:         0
Failed:           0
Avg confidence:   0,000
Total time (ms):  0

ago. 20, 2026 3:11:58 PM com.hvs.webstore.back.infra.media.ChromaprintIntroDetector detectIntroPrecomputed
INFO: Intro detection (precomputed) completed: 6 files in 38928ms
ago. 20, 2026 3:13:33 PM com.hvs.webstore.back.infra.media.DetectionLogger printSummary
INFO: === Detection Summary (INTRO) ===
Total files:      0
Detected:         0
Failed:           0
Avg confidence:   0,000
Total time (ms):  0

ago. 20, 2026 3:13:33 PM com.hvs.webstore.back.infra.media.ChromaprintIntroDetector detectIntroPrecomputed
INFO: Intro detection (precomputed) completed: 11 files in 81563ms
ago. 20, 2026 3:14:12 PM com.hvs.webstore.back.infra.media.DetectionLogger printSummary
INFO: === Detection Summary (ENDING) ===
Total files:      0
Detected:         0
Failed:           0
Avg confidence:   0,000
Total time (ms):  0

ago. 20, 2026 3:14:12 PM com.hvs.webstore.back.infra.media.ChromaprintEndingDetector detectEndingPrecomputed
INFO: Ending detection (precomputed) completed: 11 files in 120337ms
ago. 20, 2026 3:15:53 PM com.hvs.webstore.back.infra.media.DetectionLogger printSummary
INFO: === Detection Summary (INTRO) ===
Total files:      0
Detected:         0
Failed:           0
Avg confidence:   0,000
Total time (ms):  0

ago. 20, 2026 3:15:53 PM com.hvs.webstore.back.infra.media.ChromaprintIntroDetector detectIntroPrecomputed
INFO: Intro detection (precomputed) completed: 15 files in 84587ms
ago. 20, 2026 3:16:33 PM com.hvs.webstore.back.infra.media.DetectionLogger printSummary
INFO: === Detection Summary (ENDING) ===
Total files:      0
Detected:         0
Failed:           0
Avg confidence:   0,000
Total time (ms):  0

ago. 20, 2026 3:16:33 PM com.hvs.webstore.back.infra.media.ChromaprintEndingDetector detectEndingPrecomputed
INFO: Ending detection (precomputed) completed: 15 files in 124045ms
ago. 20, 2026 3:19:44 PM com.hvs.webstore.back.infra.media.DetectionLogger printSummary
INFO: === Detection Summary (INTRO) ===
Total files:      0
Detected:         0
Failed:           0
Avg confidence:   0,000
Total time (ms):  0

ago. 20, 2026 3:19:44 PM com.hvs.webstore.back.infra.media.ChromaprintIntroDetector detectIntroPrecomputed
INFO: Intro detection (precomputed) completed: 55 files in 123677ms
ago. 20, 2026 3:29:31 PM com.hvs.webstore.back.infra.media.DetectionLogger printSummary
INFO: === Detection Summary (ENDING) ===
Total files:      0
Detected:         0
Failed:           0
Avg confidence:   0,000
Total time (ms):  0

ago. 20, 2026 3:29:31 PM com.hvs.webstore.back.infra.media.ChromaprintEndingDetector detectEndingPrecomputed
INFO: Ending detection (precomputed) completed: 55 files in 710230ms
ago. 20, 2026 3:31:21 PM com.hvs.webstore.back.infra.media.DetectionLogger printSummary
INFO: === Detection Summary (INTRO) ===
Total files:      0
Detected:         0
Failed:           0
Avg confidence:   0,000
Total time (ms):  0

ago. 20, 2026 3:31:21 PM com.hvs.webstore.back.infra.media.ChromaprintIntroDetector detectIntroPrecomputed
INFO: Intro detection (precomputed) completed: 18 files in 89457ms
ago. 20, 2026 3:32:02 PM com.hvs.webstore.back.infra.media.DetectionLogger printSummary
INFO: === Detection Summary (ENDING) ===
Total files:      0
Detected:         0
Failed:           0
Avg confidence:   0,000
Total time (ms):  0

ago. 20, 2026 3:32:02 PM com.hvs.webstore.back.infra.media.ChromaprintEndingDetector detectEndingPrecomputed
INFO: Ending detection (precomputed) completed: 18 files in 130386ms
ago. 20, 2026 3:33:51 PM com.hvs.webstore.back.infra.media.DetectionLogger printSummary
INFO: === Detection Summary (INTRO) ===
Total files:      0
Detected:         0
Failed:           0
Avg confidence:   0,000
Total time (ms):  0

ago. 20, 2026 3:33:51 PM com.hvs.webstore.back.infra.media.ChromaprintIntroDetector detectIntroPrecomputed
INFO: Intro detection (precomputed) completed: 21 files in 84308ms
ago. 20, 2026 3:34:31 PM com.hvs.webstore.back.infra.media.DetectionLogger printSummary
INFO: === Detection Summary (ENDING) ===
Total files:      0
Detected:         0
Failed:           0
Avg confidence:   0,000
Total time (ms):  0

ago. 20, 2026 3:34:31 PM com.hvs.webstore.back.infra.media.ChromaprintEndingDetector detectEndingPrecomputed
INFO: Ending detection (precomputed) completed: 21 files in 124493ms
ago. 20, 2026 3:34:42 PM com.hvs.webstore.back.infra.media.DetectionLogger printSummary
INFO: === Detection Summary (ENDING) ===
Total files:      0
Detected:         0
Failed:           0
Avg confidence:   0,000
Total time (ms):  0

ago. 20, 2026 3:34:42 PM com.hvs.webstore.back.infra.media.ChromaprintEndingDetector detectEndingPrecomputed
INFO: Ending detection (precomputed) completed: 10 files in 1223ms
ago. 20, 2026 3:34:44 PM com.hvs.webstore.back.infra.media.DetectionLogger printSummary
INFO: === Detection Summary (INTRO) ===
Total files:      0
Detected:         0
Failed:           0
Avg confidence:   0,000
Total time (ms):  0

ago. 20, 2026 3:34:44 PM com.hvs.webstore.back.infra.media.ChromaprintIntroDetector detectIntroPrecomputed
INFO: Intro detection (precomputed) completed: 10 files in 3468ms
ago. 20, 2026 3:35:11 PM com.hvs.webstore.back.infra.media.DetectionLogger printSummary
INFO: === Detection Summary (ENDING) ===
Total files:      0
Detected:         0
Failed:           0
Avg confidence:   0,000
Total time (ms):  0

ago. 20, 2026 3:35:11 PM com.hvs.webstore.back.infra.media.ChromaprintEndingDetector detectEndingPrecomputed
INFO: Ending detection (precomputed) completed: 22 files in 5744ms
ago. 20, 2026 3:35:22 PM com.hvs.webstore.back.infra.media.DetectionLogger printSummary
INFO: === Detection Summary (INTRO) ===
Total files:      0
Detected:         0
Failed:           0
Avg confidence:   0,000
Total time (ms):  0

ago. 20, 2026 3:35:22 PM com.hvs.webstore.back.infra.media.ChromaprintIntroDetector detectIntroPrecomputed
INFO: Intro detection (precomputed) completed: 22 files in 16220ms
ago. 20, 2026 3:37:30 PM com.hvs.webstore.back.infra.media.DetectionLogger printSummary
INFO: === Detection Summary (INTRO) ===
Total files:      0
Detected:         0
Failed:           0
Avg confidence:   0,000
Total time (ms):  0

ago. 20, 2026 3:37:30 PM com.hvs.webstore.back.infra.media.ChromaprintIntroDetector detectIntroPrecomputed
INFO: Intro detection (precomputed) completed: 31 files in 91260ms
ago. 20, 2026 3:38:08 PM com.hvs.webstore.back.infra.media.DetectionLogger printSummary
INFO: === Detection Summary (ENDING) ===
Total files:      0
Detected:         0
Failed:           0
Avg confidence:   0,000
Total time (ms):  0

ago. 20, 2026 3:38:08 PM com.hvs.webstore.back.infra.media.ChromaprintEndingDetector detectEndingPrecomputed
INFO: Ending detection (precomputed) completed: 31 files in 129057ms
ago. 20, 2026 3:39:33 PM com.hvs.webstore.back.infra.media.DetectionLogger printSummary
INFO: === Detection Summary (ENDING) ===
Total files:      0
Detected:         0
Failed:           0
Avg confidence:   0,000
Total time (ms):  0

ago. 20, 2026 3:39:33 PM com.hvs.webstore.back.infra.media.ChromaprintEndingDetector detectEndingPrecomputed
INFO: Ending detection (precomputed) completed: 55 files in 36578ms
ago. 20, 2026 3:41:01 PM com.hvs.webstore.back.infra.media.DetectionLogger printSummary
INFO: === Detection Summary (INTRO) ===
Total files:      0
Detected:         0
Failed:           0
Avg confidence:   0,000
Total time (ms):  0

ago. 20, 2026 3:41:01 PM com.hvs.webstore.back.infra.media.ChromaprintIntroDetector detectIntroPrecomputed
INFO: Intro detection (precomputed) completed: 55 files in 124160ms
ago. 20, 2026 3:41:08 PM com.hvs.webstore.back.infra.media.DetectionLogger printSummary
INFO: === Detection Summary (ENDING) ===
Total files:      0
Detected:         0
Failed:           0
Avg confidence:   0,000
Total time (ms):  0

ago. 20, 2026 3:41:08 PM com.hvs.webstore.back.infra.media.ChromaprintEndingDetector detectEndingPrecomputed
INFO: Ending detection (precomputed) completed: 5 files in 320ms
ago. 20, 2026 3:41:08 PM com.hvs.webstore.back.infra.media.DetectionLogger printSummary
INFO: === Detection Summary (INTRO) ===
Total files:      0
Detected:         0
Failed:           0
Avg confidence:   0,000
Total time (ms):  0

ago. 20, 2026 3:41:08 PM com.hvs.webstore.back.infra.media.ChromaprintIntroDetector detectIntroPrecomputed
INFO: Intro detection (precomputed) completed: 5 files in 942ms
ago. 20, 2026 3:44:10 PM com.hvs.webstore.back.infra.media.DetectionLogger printSummary
INFO: === Detection Summary (ENDING) ===
Total files:      0
Detected:         0
Failed:           0
Avg confidence:   0,000
Total time (ms):  0

ago. 20, 2026 3:44:10 PM com.hvs.webstore.back.infra.media.ChromaprintEndingDetector detectEndingPrecomputed
INFO: Ending detection (precomputed) completed: 92 files in 99547ms
ago. 20, 2026 3:47:57 PM com.hvs.webstore.back.infra.media.DetectionLogger printSummary
INFO: === Detection Summary (INTRO) ===
Total files:      0
Detected:         0
Failed:           0
Avg confidence:   0,000
Total time (ms):  0

ago. 20, 2026 3:47:57 PM com.hvs.webstore.back.infra.media.ChromaprintIntroDetector detectIntroPrecomputed
INFO: Intro detection (precomputed) completed: 92 files in 327031ms
ago. 20, 2026 3:54:46 PM com.hvs.webstore.back.infra.media.DetectionLogger printSummary
INFO: === Detection Summary (INTRO) ===
Total files:      0
Detected:         0
Failed:           0
Avg confidence:   0,000
Total time (ms):  0

ago. 20, 2026 3:54:46 PM com.hvs.webstore.back.infra.media.ChromaprintIntroDetector detectIntroPrecomputed
INFO: Intro detection (precomputed) completed: 64 files in 335854ms
ago. 20, 2026 4:00:23 PM com.hvs.webstore.back.infra.media.DetectionLogger printSummary
INFO: === Detection Summary (ENDING) ===
Total files:      0
Detected:         0
Failed:           0
Avg confidence:   0,000
Total time (ms):  0

ago. 20, 2026 4:00:23 PM com.hvs.webstore.back.infra.media.ChromaprintEndingDetector detectEndingPrecomputed
INFO: Ending detection (precomputed) completed: 64 files in 673434ms
ago. 20, 2026 4:04:32 PM com.hvs.webstore.back.infra.media.DetectionLogger printSummary
INFO: === Detection Summary (INTRO) ===
Total files:      0
Detected:         0
Failed:           0
Avg confidence:   0,000
Total time (ms):  0

ago. 20, 2026 4:04:32 PM com.hvs.webstore.back.infra.media.ChromaprintIntroDetector detectIntroPrecomputed
INFO: Intro detection (precomputed) completed: 13 files in 167953ms
ago. 20, 2026 4:05:57 PM com.hvs.webstore.back.infra.media.DetectionLogger printSummary
INFO: === Detection Summary (ENDING) ===
Total files:      0
Detected:         0
Failed:           0
Avg confidence:   0,000
Total time (ms):  0

ago. 20, 2026 4:05:57 PM com.hvs.webstore.back.infra.media.ChromaprintEndingDetector detectEndingPrecomputed
INFO: Ending detection (precomputed) completed: 13 files in 253632ms
ago. 20, 2026 4:10:02 PM com.hvs.webstore.back.infra.media.DetectionLogger printSummary
INFO: === Detection Summary (INTRO) ===
Total files:      0
Detected:         0
Failed:           0
Avg confidence:   0,000
Total time (ms):  0

ago. 20, 2026 4:10:02 PM com.hvs.webstore.back.infra.media.ChromaprintIntroDetector detectIntroPrecomputed
INFO: Intro detection (precomputed) completed: 13 files in 161955ms
ago. 20, 2026 4:11:25 PM com.hvs.webstore.back.infra.media.DetectionLogger printSummary
INFO: === Detection Summary (ENDING) ===
Total files:      0
Detected:         0
Failed:           0
Avg confidence:   0,000
Total time (ms):  0

ago. 20, 2026 4:11:25 PM com.hvs.webstore.back.infra.media.ChromaprintEndingDetector detectEndingPrecomputed
INFO: Ending detection (precomputed) completed: 13 files in 244891ms
ago. 20, 2026 4:12:35 PM com.hvs.webstore.back.infra.media.DetectionLogger printSummary
INFO: === Detection Summary (INTRO) ===
Total files:      0
Detected:         0
Failed:           0
Avg confidence:   0,000
Total time (ms):  0

ago. 20, 2026 4:12:35 PM com.hvs.webstore.back.infra.media.ChromaprintIntroDetector detectIntroPrecomputed
INFO: Intro detection (precomputed) completed: 11 files in 56920ms
ago. 20, 2026 4:12:57 PM com.hvs.webstore.back.infra.media.DetectionLogger printSummary
INFO: === Detection Summary (ENDING) ===
Total files:      0
Detected:         0
Failed:           0
Avg confidence:   0,000
Total time (ms):  0

ago. 20, 2026 4:12:57 PM com.hvs.webstore.back.infra.media.ChromaprintEndingDetector detectEndingPrecomputed
INFO: Ending detection (precomputed) completed: 11 files in 79311ms
ago. 20, 2026 4:14:09 PM com.hvs.webstore.back.infra.media.DetectionLogger printSummary
INFO: === Detection Summary (INTRO) ===
Total files:      0
Detected:         0
Failed:           0
Avg confidence:   0,000
Total time (ms):  0

ago. 20, 2026 4:14:09 PM com.hvs.webstore.back.infra.media.ChromaprintIntroDetector detectIntroPrecomputed
INFO: Intro detection (precomputed) completed: 12 files in 56854ms
ago. 20, 2026 4:14:35 PM com.hvs.webstore.back.infra.media.DetectionLogger printSummary
INFO: === Detection Summary (ENDING) ===
Total files:      0
Detected:         0
Failed:           0
Avg confidence:   0,000
Total time (ms):  0

ago. 20, 2026 4:14:35 PM com.hvs.webstore.back.infra.media.ChromaprintEndingDetector detectEndingPrecomputed
INFO: Ending detection (precomputed) completed: 12 files in 82777ms
ago. 20, 2026 4:14:47 PM com.hvs.webstore.back.infra.media.DetectionLogger printSummary
INFO: === Detection Summary (ENDING) ===
Total files:      0
Detected:         0
Failed:           0
Avg confidence:   0,000
Total time (ms):  0

ago. 20, 2026 4:14:47 PM com.hvs.webstore.back.infra.media.ChromaprintEndingDetector detectEndingPrecomputed
INFO: Ending detection (precomputed) completed: 2 files in 386ms
ago. 20, 2026 4:14:51 PM com.hvs.webstore.back.infra.media.DetectionLogger printSummary
INFO: === Detection Summary (INTRO) ===
Total files:      0
Detected:         0
Failed:           0
Avg confidence:   0,000
Total time (ms):  0

ago. 20, 2026 4:14:51 PM com.hvs.webstore.back.infra.media.ChromaprintIntroDetector detectIntroPrecomputed
INFO: Intro detection (precomputed) completed: 2 files in 4483ms
ago. 20, 2026 4:15:47 PM com.hvs.webstore.back.infra.media.DetectionLogger printSummary
INFO: === Detection Summary (INTRO) ===
Total files:      0
Detected:         0
Failed:           0
Avg confidence:   0,000
Total time (ms):  0

ago. 20, 2026 4:15:47 PM com.hvs.webstore.back.infra.media.ChromaprintIntroDetector detectIntroPrecomputed
INFO: Intro detection (precomputed) completed: 13 files in 41409ms
ago. 20, 2026 4:16:04 PM com.hvs.webstore.back.infra.media.DetectionLogger printSummary
INFO: === Detection Summary (ENDING) ===
Total files:      0
Detected:         0
Failed:           0
Avg confidence:   0,000
Total time (ms):  0

ago. 20, 2026 4:16:04 PM com.hvs.webstore.back.infra.media.ChromaprintEndingDetector detectEndingPrecomputed
INFO: Ending detection (precomputed) completed: 13 files in 58367ms
ago. 20, 2026 4:17:27 PM com.hvs.webstore.back.infra.media.DetectionLogger printSummary
INFO: === Detection Summary (INTRO) ===
Total files:      0
Detected:         0
Failed:           0
Avg confidence:   0,000
Total time (ms):  0

ago. 20, 2026 4:17:27 PM com.hvs.webstore.back.infra.media.ChromaprintIntroDetector detectIntroPrecomputed
INFO: Intro detection (precomputed) completed: 10 files in 61463ms
ago. 20, 2026 4:18:20 PM com.hvs.webstore.back.infra.media.DetectionLogger printSummary
INFO: === Detection Summary (ENDING) ===
Total files:      0
Detected:         0
Failed:           0
Avg confidence:   0,000
Total time (ms):  0

ago. 20, 2026 4:18:20 PM com.hvs.webstore.back.infra.media.ChromaprintEndingDetector detectEndingPrecomputed
INFO: Ending detection (precomputed) completed: 10 files in 114913ms
ago. 20, 2026 4:23:29 PM com.hvs.webstore.back.infra.media.DetectionLogger printSummary
INFO: === Detection Summary (INTRO) ===
Total files:      0
Detected:         0
Failed:           0
Avg confidence:   0,000
Total time (ms):  0

ago. 20, 2026 4:23:29 PM com.hvs.webstore.back.infra.media.ChromaprintIntroDetector detectIntroPrecomputed
INFO: Intro detection (precomputed) completed: 148 files in 149704ms
ago. 20, 2026 4:31:24 PM com.hvs.webstore.back.infra.media.DetectionLogger printSummary
INFO: === Detection Summary (ENDING) ===
Total files:      0
Detected:         0
Failed:           0
Avg confidence:   0,000
Total time (ms):  0

ago. 20, 2026 4:31:24 PM com.hvs.webstore.back.infra.media.ChromaprintEndingDetector detectEndingPrecomputed
INFO: Ending detection (precomputed) completed: 148 files in 624953ms
ago. 20, 2026 4:46:59 PM com.hvs.webstore.back.infra.media.DetectionLogger printSummary
INFO: === Detection Summary (ENDING) ===
Total files:      0
Detected:         0
Failed:           0
Avg confidence:   0,000
Total time (ms):  0

ago. 20, 2026 4:46:59 PM com.hvs.webstore.back.infra.media.ChromaprintEndingDetector detectEndingPrecomputed
INFO: Ending detection (precomputed) completed: 167 files in 747239ms
ago. 20, 2026 4:47:49 PM com.hvs.webstore.back.infra.media.DetectionLogger printSummary
INFO: === Detection Summary (INTRO) ===
Total files:      0
Detected:         0
Failed:           0
Avg confidence:   0,000
Total time (ms):  0

ago. 20, 2026 4:47:49 PM com.hvs.webstore.back.infra.media.ChromaprintIntroDetector detectIntroPrecomputed
INFO: Intro detection (precomputed) completed: 167 files in 797262ms
ago. 20, 2026 4:47:58 PM com.hvs.webstore.back.infra.media.DetectionLogger printSummary
INFO: === Detection Summary (ENDING) ===
Total files:      0
Detected:         0
Failed:           0
Avg confidence:   0,000
Total time (ms):  0

ago. 20, 2026 4:47:58 PM com.hvs.webstore.back.infra.media.ChromaprintEndingDetector detectEndingPrecomputed
INFO: Ending detection (precomputed) completed: 10 files in 659ms
ago. 20, 2026 4:48:11 PM com.hvs.webstore.back.infra.media.DetectionLogger printSummary
INFO: === Detection Summary (INTRO) ===
Total files:      0
Detected:         0
Failed:           0
Avg confidence:   0,000
Total time (ms):  0

ago. 20, 2026 4:48:11 PM com.hvs.webstore.back.infra.media.ChromaprintIntroDetector detectIntroPrecomputed
INFO: Intro detection (precomputed) completed: 10 files in 13353ms
ago. 20, 2026 4:48:44 PM com.hvs.webstore.back.infra.media.DetectionLogger printSummary
INFO: === Detection Summary (INTRO) ===
Total files:      0
Detected:         0
Failed:           0
Avg confidence:   0,000
Total time (ms):  0

ago. 20, 2026 4:48:44 PM com.hvs.webstore.back.infra.media.ChromaprintIntroDetector detectIntroPrecomputed
INFO: Intro detection (precomputed) completed: 25 files in 16397ms
ago. 20, 2026 4:49:15 PM com.hvs.webstore.back.infra.media.DetectionLogger printSummary
INFO: === Detection Summary (ENDING) ===
Total files:      0
Detected:         0
Failed:           0
Avg confidence:   0,000
Total time (ms):  0

ago. 20, 2026 4:49:15 PM com.hvs.webstore.back.infra.media.ChromaprintEndingDetector detectEndingPrecomputed
INFO: Ending detection (precomputed) completed: 25 files in 47822ms
ago. 20, 2026 4:49:44 PM com.hvs.webstore.back.infra.media.DetectionLogger printSummary
INFO: === Detection Summary (INTRO) ===
Total files:      0
Detected:         0
Failed:           0
Avg confidence:   0,000
Total time (ms):  0

ago. 20, 2026 4:49:44 PM com.hvs.webstore.back.infra.media.ChromaprintIntroDetector detectIntroPrecomputed
INFO: Intro detection (precomputed) completed: 35 files in 10724ms
ago. 20, 2026 4:50:06 PM com.hvs.webstore.back.infra.media.DetectionLogger printSummary
INFO: === Detection Summary (ENDING) ===
Total files:      0
Detected:         0
Failed:           0
Avg confidence:   0,000
Total time (ms):  0

ago. 20, 2026 4:50:06 PM com.hvs.webstore.back.infra.media.ChromaprintEndingDetector detectEndingPrecomputed
INFO: Ending detection (precomputed) completed: 35 files in 33333ms
ago. 20, 2026 4:50:32 PM com.hvs.webstore.back.infra.media.DetectionLogger printSummary
INFO: === Detection Summary (INTRO) ===
Total files:      0
Detected:         0
Failed:           0
Avg confidence:   0,000
Total time (ms):  0

ago. 20, 2026 4:50:32 PM com.hvs.webstore.back.infra.media.ChromaprintIntroDetector detectIntroPrecomputed
INFO: Intro detection (precomputed) completed: 9 files in 16175ms
ago. 20, 2026 4:50:59 PM com.hvs.webstore.back.infra.media.DetectionLogger printSummary
INFO: === Detection Summary (ENDING) ===
Total files:      0
Detected:         0
Failed:           0
Avg confidence:   0,000
Total time (ms):  0

ago. 20, 2026 4:50:59 PM com.hvs.webstore.back.infra.media.ChromaprintEndingDetector detectEndingPrecomputed
INFO: Ending detection (precomputed) completed: 9 files in 42495ms
ago. 20, 2026 4:53:21 PM com.hvs.webstore.back.infra.media.DetectionLogger printSummary
INFO: === Detection Summary (INTRO) ===
Total files:      0
Detected:         0
Failed:           0
Avg confidence:   0,000
Total time (ms):  0

ago. 20, 2026 4:53:21 PM com.hvs.webstore.back.infra.media.ChromaprintIntroDetector detectIntroPrecomputed
INFO: Intro detection (precomputed) completed: 9 files in 127573ms
ago. 20, 2026 4:54:21 PM com.hvs.webstore.back.infra.media.DetectionLogger printSummary
INFO: === Detection Summary (ENDING) ===
Total files:      0
Detected:         0
Failed:           0
Avg confidence:   0,000
Total time (ms):  0

ago. 20, 2026 4:54:21 PM com.hvs.webstore.back.infra.media.ChromaprintEndingDetector detectEndingPrecomputed
INFO: Ending detection (precomputed) completed: 9 files in 187717ms
ago. 20, 2026 4:56:32 PM com.hvs.webstore.back.infra.media.DetectionLogger printSummary
INFO: === Detection Summary (ENDING) ===
Total files:      0
Detected:         0
Failed:           0
Avg confidence:   0,000
Total time (ms):  0

ago. 20, 2026 4:56:32 PM com.hvs.webstore.back.infra.media.ChromaprintEndingDetector detectEndingPrecomputed
INFO: Ending detection (precomputed) completed: 17 files in 104345ms
ago. 20, 2026 4:56:47 PM com.hvs.webstore.back.infra.media.DetectionLogger printSummary
INFO: === Detection Summary (INTRO) ===
Total files:      0
Detected:         0
Failed:           0
Avg confidence:   0,000
Total time (ms):  0

ago. 20, 2026 4:56:47 PM com.hvs.webstore.back.infra.media.ChromaprintIntroDetector detectIntroPrecomputed
INFO: Intro detection (precomputed) completed: 17 files in 120003ms
ago. 20, 2026 4:58:41 PM com.hvs.webstore.back.infra.media.DetectionLogger printSummary
INFO: === Detection Summary (INTRO) ===
Total files:      0
Detected:         0
Failed:           0
Avg confidence:   0,000
Total time (ms):  0

ago. 20, 2026 4:58:41 PM com.hvs.webstore.back.infra.media.ChromaprintIntroDetector detectIntroPrecomputed
INFO: Intro detection (precomputed) completed: 24 files in 70696ms
ago. 20, 2026 4:59:04 PM com.hvs.webstore.back.infra.media.DetectionLogger printSummary
INFO: === Detection Summary (ENDING) ===
Total files:      0
Detected:         0
Failed:           0
Avg confidence:   0,000
Total time (ms):  0

ago. 20, 2026 4:59:04 PM com.hvs.webstore.back.infra.media.ChromaprintEndingDetector detectEndingPrecomputed
INFO: Ending detection (precomputed) completed: 24 files in 93963ms
ago. 20, 2026 5:00:56 PM com.hvs.webstore.back.infra.media.DetectionLogger printSummary
INFO: === Detection Summary (INTRO) ===
Total files:      0
Detected:         0
Failed:           0
Avg confidence:   0,000
Total time (ms):  0

ago. 20, 2026 5:00:56 PM com.hvs.webstore.back.infra.media.ChromaprintIntroDetector detectIntroPrecomputed
INFO: Intro detection (precomputed) completed: 24 files in 70259ms
ago. 20, 2026 5:03:30 PM com.hvs.webstore.back.infra.media.DetectionLogger printSummary
INFO: === Detection Summary (ENDING) ===
Total files:      0
Detected:         0
Failed:           0
Avg confidence:   0,000
Total time (ms):  0

ago. 20, 2026 5:03:30 PM com.hvs.webstore.back.infra.media.ChromaprintEndingDetector detectEndingPrecomputed
INFO: Ending detection (precomputed) completed: 24 files in 225002ms
ago. 20, 2026 5:06:16 PM com.hvs.webstore.back.infra.media.DetectionLogger printSummary
INFO: === Detection Summary (ENDING) ===
Total files:      0
Detected:         0
Failed:           0
Avg confidence:   0,000
Total time (ms):  0

ago. 20, 2026 5:06:16 PM com.hvs.webstore.back.infra.media.ChromaprintEndingDetector detectEndingPrecomputed
INFO: Ending detection (precomputed) completed: 39 files in 101339ms
ago. 20, 2026 5:07:58 PM com.hvs.webstore.back.infra.media.DetectionLogger printSummary
INFO: === Detection Summary (INTRO) ===
Total files:      0
Detected:         0
Failed:           0
Avg confidence:   0,000
Total time (ms):  0

ago. 20, 2026 5:07:58 PM com.hvs.webstore.back.infra.media.ChromaprintIntroDetector detectIntroPrecomputed
INFO: Intro detection (precomputed) completed: 39 files in 203497ms
ago. 20, 2026 5:11:45 PM com.hvs.webstore.back.infra.media.DetectionLogger printSummary
INFO: === Detection Summary (INTRO) ===
Total files:      0
Detected:         0
Failed:           0
Avg confidence:   0,000
Total time (ms):  0

ago. 20, 2026 5:11:45 PM com.hvs.webstore.back.infra.media.ChromaprintIntroDetector detectIntroPrecomputed
INFO: Intro detection (precomputed) completed: 39 files in 159994ms
ago. 20, 2026 5:14:44 PM com.hvs.webstore.back.infra.media.DetectionLogger printSummary
INFO: === Detection Summary (ENDING) ===
Total files:      0
Detected:         0
Failed:           0
Avg confidence:   0,000
Total time (ms):  0

ago. 20, 2026 5:14:44 PM com.hvs.webstore.back.infra.media.ChromaprintEndingDetector detectEndingPrecomputed
INFO: Ending detection (precomputed) completed: 39 files in 338824ms
ago. 20, 2026 5:16:14 PM com.hvs.webstore.back.infra.media.DetectionLogger printSummary
INFO: === Detection Summary (INTRO) ===
Total files:      0
Detected:         0
Failed:           0
Avg confidence:   0,000
Total time (ms):  0

ago. 20, 2026 5:16:14 PM com.hvs.webstore.back.infra.media.ChromaprintIntroDetector detectIntroPrecomputed
INFO: Intro detection (precomputed) completed: 12 files in 69396ms
ago. 20, 2026 5:16:36 PM com.hvs.webstore.back.infra.media.DetectionLogger printSummary
INFO: === Detection Summary (ENDING) ===
Total files:      0
Detected:         0
Failed:           0
Avg confidence:   0,000
Total time (ms):  0

ago. 20, 2026 5:16:36 PM com.hvs.webstore.back.infra.media.ChromaprintEndingDetector detectEndingPrecomputed
INFO: Ending detection (precomputed) completed: 12 files in 91197ms
ago. 20, 2026 5:18:05 PM com.hvs.webstore.back.infra.media.DetectionLogger printSummary
INFO: === Detection Summary (INTRO) ===
Total files:      0
Detected:         0
Failed:           0
Avg confidence:   0,000
Total time (ms):  0

ago. 20, 2026 5:18:05 PM com.hvs.webstore.back.infra.media.ChromaprintIntroDetector detectIntroPrecomputed
INFO: Intro detection (precomputed) completed: 12 files in 65958ms
ago. 20, 2026 5:18:36 PM com.hvs.webstore.back.infra.media.DetectionLogger printSummary
INFO: === Detection Summary (ENDING) ===
Total files:      0
Detected:         0
Failed:           0
Avg confidence:   0,000
Total time (ms):  0

ago. 20, 2026 5:18:36 PM com.hvs.webstore.back.infra.media.ChromaprintEndingDetector detectEndingPrecomputed
INFO: Ending detection (precomputed) completed: 12 files in 97148ms
ago. 20, 2026 5:20:15 PM com.hvs.webstore.back.infra.media.DetectionLogger printSummary
INFO: === Detection Summary (INTRO) ===
Total files:      0
Detected:         0
Failed:           0
Avg confidence:   0,000
Total time (ms):  0

ago. 20, 2026 5:20:15 PM com.hvs.webstore.back.infra.media.ChromaprintIntroDetector detectIntroPrecomputed
INFO: Intro detection (precomputed) completed: 14 files in 71522ms
ago. 20, 2026 5:20:46 PM com.hvs.webstore.back.infra.media.DetectionLogger printSummary
INFO: === Detection Summary (ENDING) ===
Total files:      0
Detected:         0
Failed:           0
Avg confidence:   0,000
Total time (ms):  0

ago. 20, 2026 5:20:46 PM com.hvs.webstore.back.infra.media.ChromaprintEndingDetector detectEndingPrecomputed
INFO: Ending detection (precomputed) completed: 14 files in 103166ms
ago. 20, 2026 5:23:04 PM com.hvs.webstore.back.infra.media.DetectionLogger printSummary
INFO: === Detection Summary (INTRO) ===
Total files:      0
Detected:         0
Failed:           0
Avg confidence:   0,000
Total time (ms):  0

ago. 20, 2026 5:23:04 PM com.hvs.webstore.back.infra.media.ChromaprintIntroDetector detectIntroPrecomputed
INFO: Intro detection (precomputed) completed: 24 files in 110970ms
ago. 20, 2026 5:24:11 PM com.hvs.webstore.back.infra.media.DetectionLogger printSummary
INFO: === Detection Summary (ENDING) ===
Total files:      0
Detected:         0
Failed:           0
Avg confidence:   0,000
Total time (ms):  0

ago. 20, 2026 5:24:11 PM com.hvs.webstore.back.infra.media.ChromaprintEndingDetector detectEndingPrecomputed
INFO: Ending detection (precomputed) completed: 24 files in 177429ms
ago. 20, 2026 5:27:45 PM com.hvs.webstore.back.infra.media.DetectionLogger printSummary
INFO: === Detection Summary (INTRO) ===
Total files:      0
Detected:         0
Failed:           0
Avg confidence:   0,000
Total time (ms):  0

ago. 20, 2026 5:27:45 PM com.hvs.webstore.back.infra.media.ChromaprintIntroDetector detectIntroPrecomputed
INFO: Intro detection (precomputed) completed: 23 files in 188182ms
ago. 20, 2026 5:27:52 PM com.hvs.webstore.back.infra.media.DetectionLogger printSummary
INFO: === Detection Summary (ENDING) ===
Total files:      0
Detected:         0
Failed:           0
Avg confidence:   0,000
Total time (ms):  0

ago. 20, 2026 5:27:52 PM com.hvs.webstore.back.infra.media.ChromaprintEndingDetector detectEndingPrecomputed
INFO: Ending detection (precomputed) completed: 23 files in 195175ms
ago. 20, 2026 5:29:02 PM com.hvs.webstore.back.infra.media.DetectionLogger printSummary
INFO: === Detection Summary (INTRO) ===
Total files:      0
Detected:         0
Failed:           0
Avg confidence:   0,000
Total time (ms):  0

ago. 20, 2026 5:29:02 PM com.hvs.webstore.back.infra.media.ChromaprintIntroDetector detectIntroPrecomputed
INFO: Intro detection (precomputed) completed: 10 files in 56822ms
ago. 20, 2026 5:29:29 PM com.hvs.webstore.back.infra.media.DetectionLogger printSummary
INFO: === Detection Summary (ENDING) ===
Total files:      0
Detected:         0
Failed:           0
Avg confidence:   0,000
Total time (ms):  0

ago. 20, 2026 5:29:29 PM com.hvs.webstore.back.infra.media.ChromaprintEndingDetector detectEndingPrecomputed
INFO: Ending detection (precomputed) completed: 10 files in 84276ms
ago. 20, 2026 5:30:37 PM com.hvs.webstore.back.infra.media.DetectionLogger printSummary
INFO: === Detection Summary (INTRO) ===
Total files:      0
Detected:         0
Failed:           0
Avg confidence:   0,000
Total time (ms):  0

ago. 20, 2026 5:30:37 PM com.hvs.webstore.back.infra.media.ChromaprintIntroDetector detectIntroPrecomputed
INFO: Intro detection (precomputed) completed: 10 files in 54940ms
ago. 20, 2026 5:31:04 PM com.hvs.webstore.back.infra.media.DetectionLogger printSummary
INFO: === Detection Summary (ENDING) ===
Total files:      0
Detected:         0
Failed:           0
Avg confidence:   0,000
Total time (ms):  0

ago. 20, 2026 5:31:04 PM com.hvs.webstore.back.infra.media.ChromaprintEndingDetector detectEndingPrecomputed
INFO: Ending detection (precomputed) completed: 10 files in 82047ms
ago. 20, 2026 5:34:53 PM com.hvs.webstore.back.infra.media.DetectionLogger printSummary
INFO: === Detection Summary (ENDING) ===
Total files:      0
Detected:         0
Failed:           0
Avg confidence:   0,000
Total time (ms):  0

ago. 20, 2026 5:34:53 PM com.hvs.webstore.back.infra.media.ChromaprintEndingDetector detectEndingPrecomputed
INFO: Ending detection (precomputed) completed: 227 files in 91111ms
ago. 20, 2026 5:35:14 PM com.hvs.webstore.back.infra.media.DetectionLogger printSummary
INFO: === Detection Summary (INTRO) ===
Total files:      0
Detected:         0
Failed:           0
Avg confidence:   0,000
Total time (ms):  0

ago. 20, 2026 5:35:14 PM com.hvs.webstore.back.infra.media.ChromaprintIntroDetector detectIntroPrecomputed
INFO: Intro detection (precomputed) completed: 227 files in 111606ms
ago. 20, 2026 5:37:29 PM com.hvs.webstore.back.infra.media.DetectionLogger printSummary
INFO: === Detection Summary (ENDING) ===
Total files:      0
Detected:         0
Failed:           0
Avg confidence:   0,000
Total time (ms):  0

ago. 20, 2026 5:37:29 PM com.hvs.webstore.back.infra.media.ChromaprintEndingDetector detectEndingPrecomputed
INFO: Ending detection (precomputed) completed: 52 files in 78051ms
ago. 20, 2026 5:37:39 PM com.hvs.webstore.back.infra.media.DetectionLogger printSummary
INFO: === Detection Summary (INTRO) ===
Total files:      0
Detected:         0
Failed:           0
Avg confidence:   0,000
Total time (ms):  0

ago. 20, 2026 5:37:39 PM com.hvs.webstore.back.infra.media.ChromaprintIntroDetector detectIntroPrecomputed
INFO: Intro detection (precomputed) completed: 52 files in 88512ms
ago. 20, 2026 5:39:06 PM com.hvs.webstore.back.infra.media.DetectionLogger printSummary
INFO: === Detection Summary (INTRO) ===
Total files:      0
Detected:         0
Failed:           0
Avg confidence:   0,000
Total time (ms):  0

ago. 20, 2026 5:39:06 PM com.hvs.webstore.back.infra.media.ChromaprintIntroDetector detectIntroPrecomputed
INFO: Intro detection (precomputed) completed: 39 files in 49974ms
ago. 20, 2026 5:39:21 PM com.hvs.webstore.back.infra.media.DetectionLogger printSummary
INFO: === Detection Summary (ENDING) ===
Total files:      0
Detected:         0
Failed:           0
Avg confidence:   0,000
Total time (ms):  0

ago. 20, 2026 5:39:21 PM com.hvs.webstore.back.infra.media.ChromaprintEndingDetector detectEndingPrecomputed
INFO: Ending detection (precomputed) completed: 39 files in 65506ms
ago. 20, 2026 5:40:41 PM com.hvs.webstore.back.infra.media.DetectionLogger printSummary
INFO: === Detection Summary (INTRO) ===
Total files:      0
Detected:         0
Failed:           0
Avg confidence:   0,000
Total time (ms):  0

ago. 20, 2026 5:40:41 PM com.hvs.webstore.back.infra.media.ChromaprintIntroDetector detectIntroPrecomputed
INFO: Intro detection (precomputed) completed: 12 files in 62218ms
ago. 20, 2026 5:42:11 PM com.hvs.webstore.back.infra.media.DetectionLogger printSummary
INFO: === Detection Summary (ENDING) ===
Total files:      0
Detected:         0
Failed:           0
Avg confidence:   0,000
Total time (ms):  0

ago. 20, 2026 5:42:11 PM com.hvs.webstore.back.infra.media.ChromaprintEndingDetector detectEndingPrecomputed
INFO: Ending detection (precomputed) completed: 12 files in 153008ms
ago. 20, 2026 5:44:29 PM com.hvs.webstore.back.infra.media.DetectionLogger printSummary
INFO: === Detection Summary (INTRO) ===
Total files:      0
Detected:         0
Failed:           0
Avg confidence:   0,000
Total time (ms):  0

ago. 20, 2026 5:44:29 PM com.hvs.webstore.back.infra.media.ChromaprintIntroDetector detectIntroPrecomputed
INFO: Intro detection (precomputed) completed: 13 files in 116314ms
ago. 20, 2026 5:44:31 PM com.hvs.webstore.back.infra.media.DetectionLogger printSummary
INFO: === Detection Summary (ENDING) ===
Total files:      0
Detected:         0
Failed:           0
Avg confidence:   0,000
Total time (ms):  0

ago. 20, 2026 5:44:31 PM com.hvs.webstore.back.infra.media.ChromaprintEndingDetector detectEndingPrecomputed
INFO: Ending detection (precomputed) completed: 13 files in 118285ms
ago. 20, 2026 5:45:51 PM com.hvs.webstore.back.infra.media.DetectionLogger printSummary
INFO: === Detection Summary (INTRO) ===
Total files:      0
Detected:         0
Failed:           0
Avg confidence:   0,000
Total time (ms):  0

ago. 20, 2026 5:45:51 PM com.hvs.webstore.back.infra.media.ChromaprintIntroDetector detectIntroPrecomputed
INFO: Intro detection (precomputed) completed: 12 files in 61601ms
ago. 20, 2026 5:46:23 PM com.hvs.webstore.back.infra.media.DetectionLogger printSummary
INFO: === Detection Summary (ENDING) ===
Total files:      0
Detected:         0
Failed:           0
Avg confidence:   0,000
Total time (ms):  0

ago. 20, 2026 5:46:23 PM com.hvs.webstore.back.infra.media.ChromaprintEndingDetector detectEndingPrecomputed
INFO: Ending detection (precomputed) completed: 12 files in 93578ms
ago. 20, 2026 5:48:46 PM com.hvs.webstore.back.infra.media.DetectionLogger printSummary
INFO: === Detection Summary (ENDING) ===
Total files:      0
Detected:         0
Failed:           0
Avg confidence:   0,000
Total time (ms):  0

ago. 20, 2026 5:48:46 PM com.hvs.webstore.back.infra.media.ChromaprintEndingDetector detectEndingPrecomputed
INFO: Ending detection (precomputed) completed: 24 files in 113537ms
ago. 20, 2026 5:49:11 PM com.hvs.webstore.back.infra.media.DetectionLogger printSummary
INFO: === Detection Summary (INTRO) ===
Total files:      0
Detected:         0
Failed:           0
Avg confidence:   0,000
Total time (ms):  0

ago. 20, 2026 5:49:11 PM com.hvs.webstore.back.infra.media.ChromaprintIntroDetector detectIntroPrecomputed
INFO: Intro detection (precomputed) completed: 24 files in 138554ms
ago. 20, 2026 5:52:55 PM com.hvs.webstore.back.infra.media.DetectionLogger printSummary
INFO: === Detection Summary (ENDING) ===
Total files:      0
Detected:         0
Failed:           0
Avg confidence:   0,000
Total time (ms):  0

ago. 20, 2026 5:52:55 PM com.hvs.webstore.back.infra.media.ChromaprintEndingDetector detectEndingPrecomputed
INFO: Ending detection (precomputed) completed: 24 files in 195964ms
ago. 20, 2026 5:53:12 PM com.hvs.webstore.back.infra.media.DetectionLogger printSummary
INFO: === Detection Summary (INTRO) ===
Total files:      0
Detected:         0
Failed:           0
Avg confidence:   0,000
Total time (ms):  0

ago. 20, 2026 5:53:12 PM com.hvs.webstore.back.infra.media.ChromaprintIntroDetector detectIntroPrecomputed
INFO: Intro detection (precomputed) completed: 24 files in 212493ms
ago. 20, 2026 5:56:34 PM com.hvs.webstore.back.infra.media.DetectionLogger printSummary
INFO: === Detection Summary (INTRO) ===
Total files:      0
Detected:         0
Failed:           0
Avg confidence:   0,000
Total time (ms):  0

ago. 20, 2026 5:56:34 PM com.hvs.webstore.back.infra.media.ChromaprintIntroDetector detectIntroPrecomputed
INFO: Intro detection (precomputed) completed: 24 files in 170574ms
ago. 20, 2026 5:58:00 PM com.hvs.webstore.back.infra.media.DetectionLogger printSummary
INFO: === Detection Summary (ENDING) ===
Total files:      0
Detected:         0
Failed:           0
Avg confidence:   0,000
Total time (ms):  0

ago. 20, 2026 5:58:00 PM com.hvs.webstore.back.infra.media.ChromaprintEndingDetector detectEndingPrecomputed
INFO: Ending detection (precomputed) completed: 24 files in 257161ms
ago. 20, 2026 6:00:18 PM com.hvs.webstore.back.infra.media.DetectionLogger printSummary
INFO: === Detection Summary (ENDING) ===
Total files:      0
Detected:         0
Failed:           0
Avg confidence:   0,000
Total time (ms):  0

ago. 20, 2026 6:00:18 PM com.hvs.webstore.back.infra.media.ChromaprintEndingDetector detectEndingPrecomputed
INFO: Ending detection (precomputed) completed: 24 files in 107156ms
ago. 20, 2026 6:00:24 PM com.hvs.webstore.back.infra.media.DetectionLogger printSummary
INFO: === Detection Summary (INTRO) ===
Total files:      0
Detected:         0
Failed:           0
Avg confidence:   0,000
Total time (ms):  0

ago. 20, 2026 6:00:24 PM com.hvs.webstore.back.infra.media.ChromaprintIntroDetector detectIntroPrecomputed
INFO: Intro detection (precomputed) completed: 24 files in 112825ms
ago. 20, 2026 6:01:56 PM com.hvs.webstore.back.infra.media.DetectionLogger printSummary
INFO: === Detection Summary (INTRO) ===
Total files:      0
Detected:         0
Failed:           0
Avg confidence:   0,000
Total time (ms):  0

ago. 20, 2026 6:01:56 PM com.hvs.webstore.back.infra.media.ChromaprintIntroDetector detectIntroPrecomputed
INFO: Intro detection (precomputed) completed: 25 files in 63310ms
ago. 20, 2026 6:02:21 PM com.hvs.webstore.back.infra.media.DetectionLogger printSummary
INFO: === Detection Summary (ENDING) ===
Total files:      0
Detected:         0
Failed:           0
Avg confidence:   0,000
Total time (ms):  0

ago. 20, 2026 6:02:21 PM com.hvs.webstore.back.infra.media.ChromaprintEndingDetector detectEndingPrecomputed
INFO: Ending detection (precomputed) completed: 25 files in 88715ms
ago. 20, 2026 6:04:00 PM com.hvs.webstore.back.infra.media.DetectionLogger printSummary
INFO: === Detection Summary (INTRO) ===
Total files:      0
Detected:         0
Failed:           0
Avg confidence:   0,000
Total time (ms):  0

ago. 20, 2026 6:04:00 PM com.hvs.webstore.back.infra.media.ChromaprintIntroDetector detectIntroPrecomputed
INFO: Intro detection (precomputed) completed: 28 files in 68228ms
ago. 20, 2026 6:07:36 PM com.hvs.webstore.back.infra.media.DetectionLogger printSummary
INFO: === Detection Summary (ENDING) ===
Total files:      0
Detected:         0
Failed:           0
Avg confidence:   0,000
Total time (ms):  0

ago. 20, 2026 6:07:36 PM com.hvs.webstore.back.infra.media.ChromaprintEndingDetector detectEndingPrecomputed
INFO: Ending detection (precomputed) completed: 28 files in 283958ms
ago. 20, 2026 6:08:49 PM com.hvs.webstore.back.infra.media.DetectionLogger printSummary
INFO: === Detection Summary (INTRO) ===
Total files:      0
Detected:         0
Failed:           0
Avg confidence:   0,000
Total time (ms):  0

ago. 20, 2026 6:08:49 PM com.hvs.webstore.back.infra.media.ChromaprintIntroDetector detectIntroPrecomputed
INFO: Intro detection (precomputed) completed: 24 files in 48088ms
ago. 20, 2026 6:11:27 PM com.hvs.webstore.back.infra.media.DetectionLogger printSummary
INFO: === Detection Summary (ENDING) ===
Total files:      0
Detected:         0
Failed:           0
Avg confidence:   0,000
Total time (ms):  0

ago. 20, 2026 6:11:27 PM com.hvs.webstore.back.infra.media.ChromaprintEndingDetector detectEndingPrecomputed
INFO: Ending detection (precomputed) completed: 24 files in 206305ms
ago. 20, 2026 6:12:45 PM com.hvs.webstore.back.infra.media.DetectionLogger printSummary
INFO: === Detection Summary (INTRO) ===
Total files:      0
Detected:         0
Failed:           0
Avg confidence:   0,000
Total time (ms):  0

ago. 20, 2026 6:12:45 PM com.hvs.webstore.back.infra.media.ChromaprintIntroDetector detectIntroPrecomputed
INFO: Intro detection (precomputed) completed: 26 files in 50154ms
ago. 20, 2026 6:17:44 PM com.hvs.webstore.back.infra.media.DetectionLogger printSummary
INFO: === Detection Summary (ENDING) ===
Total files:      0
Detected:         0
Failed:           0
Avg confidence:   0,000
Total time (ms):  0

ago. 20, 2026 6:17:44 PM com.hvs.webstore.back.infra.media.ChromaprintEndingDetector detectEndingPrecomputed
INFO: Ending detection (precomputed) completed: 26 files in 349550ms
ago. 20, 2026 6:19:06 PM com.hvs.webstore.back.infra.media.DetectionLogger printSummary
INFO: === Detection Summary (INTRO) ===
Total files:      0
Detected:         0
Failed:           0
Avg confidence:   0,000
Total time (ms):  0

ago. 20, 2026 6:19:06 PM com.hvs.webstore.back.infra.media.ChromaprintIntroDetector detectIntroPrecomputed
INFO: Intro detection (precomputed) completed: 25 files in 54467ms
ago. 20, 2026 6:21:56 PM com.hvs.webstore.back.infra.media.DetectionLogger printSummary
INFO: === Detection Summary (ENDING) ===
Total files:      0
Detected:         0
Failed:           0
Avg confidence:   0,000
Total time (ms):  0

ago. 20, 2026 6:21:56 PM com.hvs.webstore.back.infra.media.ChromaprintEndingDetector detectEndingPrecomputed
INFO: Ending detection (precomputed) completed: 25 files in 224253ms
ago. 20, 2026 6:23:59 PM com.hvs.webstore.back.infra.media.DetectionLogger printSummary
INFO: === Detection Summary (INTRO) ===
Total files:      0
Detected:         0
Failed:           0
Avg confidence:   0,000
Total time (ms):  0

ago. 20, 2026 6:23:59 PM com.hvs.webstore.back.infra.media.ChromaprintIntroDetector detectIntroPrecomputed
INFO: Intro detection (precomputed) completed: 25 files in 86096ms
ago. 20, 2026 6:26:14 PM com.hvs.webstore.back.infra.media.DetectionLogger printSummary
INFO: === Detection Summary (ENDING) ===
Total files:      0
Detected:         0
Failed:           0
Avg confidence:   0,000
Total time (ms):  0

ago. 20, 2026 6:26:14 PM com.hvs.webstore.back.infra.media.ChromaprintEndingDetector detectEndingPrecomputed
INFO: Ending detection (precomputed) completed: 25 files in 221025ms
ago. 20, 2026 6:27:52 PM com.hvs.webstore.back.infra.media.DetectionLogger printSummary
INFO: === Detection Summary (INTRO) ===
Total files:      0
Detected:         0
Failed:           0
Avg confidence:   0,000
Total time (ms):  0

ago. 20, 2026 6:27:52 PM com.hvs.webstore.back.infra.media.ChromaprintIntroDetector detectIntroPrecomputed
INFO: Intro detection (precomputed) completed: 25 files in 61844ms
ago. 20, 2026 6:31:03 PM com.hvs.webstore.back.infra.media.DetectionLogger printSummary
INFO: === Detection Summary (ENDING) ===
Total files:      0
Detected:         0
Failed:           0
Avg confidence:   0,000
Total time (ms):  0

ago. 20, 2026 6:31:03 PM com.hvs.webstore.back.infra.media.ChromaprintEndingDetector detectEndingPrecomputed
INFO: Ending detection (precomputed) completed: 25 files in 252954ms
ago. 20, 2026 6:32:28 PM com.hvs.webstore.back.infra.media.DetectionLogger printSummary
INFO: === Detection Summary (INTRO) ===
Total files:      0
Detected:         0
Failed:           0
Avg confidence:   0,000
Total time (ms):  0

ago. 20, 2026 6:32:28 PM com.hvs.webstore.back.infra.media.ChromaprintIntroDetector detectIntroPrecomputed
INFO: Intro detection (precomputed) completed: 24 files in 54385ms
ago. 20, 2026 6:35:06 PM com.hvs.webstore.back.infra.media.DetectionLogger printSummary
INFO: === Detection Summary (ENDING) ===
Total files:      0
Detected:         0
Failed:           0
Avg confidence:   0,000
Total time (ms):  0

ago. 20, 2026 6:35:06 PM com.hvs.webstore.back.infra.media.ChromaprintEndingDetector detectEndingPrecomputed
INFO: Ending detection (precomputed) completed: 24 files in 212009ms
ago. 20, 2026 6:36:28 PM com.hvs.webstore.back.infra.media.DetectionLogger printSummary
INFO: === Detection Summary (INTRO) ===
Total files:      0
Detected:         0
Failed:           0
Avg confidence:   0,000
Total time (ms):  0

ago. 20, 2026 6:36:28 PM com.hvs.webstore.back.infra.media.ChromaprintIntroDetector detectIntroPrecomputed
INFO: Intro detection (precomputed) completed: 18 files in 61118ms
ago. 20, 2026 6:37:47 PM com.hvs.webstore.back.infra.media.DetectionLogger printSummary
INFO: === Detection Summary (ENDING) ===
Total files:      0
Detected:         0
Failed:           0
Avg confidence:   0,000
Total time (ms):  0

ago. 20, 2026 6:37:47 PM com.hvs.webstore.back.infra.media.ChromaprintEndingDetector detectEndingPrecomputed
INFO: Ending detection (precomputed) completed: 18 files in 140189ms
ago. 20, 2026 6:39:07 PM com.hvs.webstore.back.infra.media.DetectionLogger printSummary
INFO: === Detection Summary (INTRO) ===
Total files:      0
Detected:         0
Failed:           0
Avg confidence:   0,000
Total time (ms):  0

ago. 20, 2026 6:39:07 PM com.hvs.webstore.back.infra.media.ChromaprintIntroDetector detectIntroPrecomputed
INFO: Intro detection (precomputed) completed: 26 files in 48861ms
ago. 20, 2026 6:43:44 PM com.hvs.webstore.back.infra.media.DetectionLogger printSummary
INFO: === Detection Summary (ENDING) ===
Total files:      0
Detected:         0
Failed:           0
Avg confidence:   0,000
Total time (ms):  0

ago. 20, 2026 6:43:44 PM com.hvs.webstore.back.infra.media.ChromaprintEndingDetector detectEndingPrecomputed
INFO: Ending detection (precomputed) completed: 26 files in 325963ms
ago. 20, 2026 7:29:08 PM com.hvs.webstore.back.infra.media.DetectionLogger printSummary
INFO: === Detection Summary (INTRO) ===
Total files:      0
Detected:         0
Failed:           0
Avg confidence:   0,000
Total time (ms):  0

ago. 20, 2026 7:29:08 PM com.hvs.webstore.back.infra.media.ChromaprintIntroDetector detectIntroPrecomputed
INFO: Intro detection (precomputed) completed: 625 files in 1726620ms
ago. 20, 2026 7:52:14 PM com.hvs.webstore.back.infra.media.DetectionLogger printSummary
INFO: === Detection Summary (ENDING) ===
Total files:      0
Detected:         0
Failed:           0
Avg confidence:   0,000
Total time (ms):  0

ago. 20, 2026 7:52:14 PM com.hvs.webstore.back.infra.media.ChromaprintEndingDetector detectEndingPrecomputed
INFO: Ending detection (precomputed) completed: 625 files in 3112948ms
ago. 20, 2026 7:57:34 PM com.hvs.webstore.back.infra.media.DetectionLogger printSummary
INFO: === Detection Summary (INTRO) ===
Total files:      0
Detected:         0
Failed:           0
Avg confidence:   0,000
Total time (ms):  0

ago. 20, 2026 7:57:34 PM com.hvs.webstore.back.infra.media.ChromaprintIntroDetector detectIntroPrecomputed
INFO: Intro detection (precomputed) completed: 12 files in 273730ms
ago. 20, 2026 8:00:53 PM com.hvs.webstore.back.infra.media.DetectionLogger printSummary
INFO: === Detection Summary (ENDING) ===
Total files:      0
Detected:         0
Failed:           0
Avg confidence:   0,000
Total time (ms):  0

ago. 20, 2026 8:00:53 PM com.hvs.webstore.back.infra.media.ChromaprintEndingDetector detectEndingPrecomputed
INFO: Ending detection (precomputed) completed: 12 files in 472848ms
ago. 20, 2026 8:02:10 PM com.hvs.webstore.back.infra.media.DetectionLogger printSummary
INFO: === Detection Summary (INTRO) ===
Total files:      0
Detected:         0
Failed:           0
Avg confidence:   0,000
Total time (ms):  0

ago. 20, 2026 8:02:10 PM com.hvs.webstore.back.infra.media.ChromaprintIntroDetector detectIntroPrecomputed
INFO: Intro detection (precomputed) completed: 12 files in 59541ms
ago. 20, 2026 8:02:40 PM com.hvs.webstore.back.infra.media.DetectionLogger printSummary
INFO: === Detection Summary (ENDING) ===
Total files:      0
Detected:         0
Failed:           0
Avg confidence:   0,000
Total time (ms):  0

ago. 20, 2026 8:02:40 PM com.hvs.webstore.back.infra.media.ChromaprintEndingDetector detectEndingPrecomputed
INFO: Ending detection (precomputed) completed: 12 files in 89260ms
ago. 20, 2026 8:04:04 PM com.hvs.webstore.back.infra.media.DetectionLogger printSummary
INFO: === Detection Summary (INTRO) ===
Total files:      0
Detected:         0
Failed:           0
Avg confidence:   0,000
Total time (ms):  0

ago. 20, 2026 8:04:04 PM com.hvs.webstore.back.infra.media.ChromaprintIntroDetector detectIntroPrecomputed
INFO: Intro detection (precomputed) completed: 12 files in 63717ms
ago. 20, 2026 8:05:42 PM com.hvs.webstore.back.infra.media.DetectionLogger printSummary
INFO: === Detection Summary (ENDING) ===
Total files:      0
Detected:         0
Failed:           0
Avg confidence:   0,000
Total time (ms):  0

ago. 20, 2026 8:05:42 PM com.hvs.webstore.back.infra.media.ChromaprintEndingDetector detectEndingPrecomputed
INFO: Ending detection (precomputed) completed: 12 files in 161690ms
ago. 20, 2026 8:06:29 PM com.hvs.webstore.back.infra.media.DetectionLogger printSummary
INFO: === Detection Summary (INTRO) ===
Total files:      0
Detected:         0
Failed:           0
Avg confidence:   0,000
Total time (ms):  0

ago. 20, 2026 8:06:29 PM com.hvs.webstore.back.infra.media.ChromaprintIntroDetector detectIntroPrecomputed
INFO: Intro detection (precomputed) completed: 8 files in 33922ms
ago. 20, 2026 8:06:44 PM com.hvs.webstore.back.infra.media.DetectionLogger printSummary
INFO: === Detection Summary (ENDING) ===
Total files:      0
Detected:         0
Failed:           0
Avg confidence:   0,000
Total time (ms):  0

ago. 20, 2026 8:06:44 PM com.hvs.webstore.back.infra.media.ChromaprintEndingDetector detectEndingPrecomputed
INFO: Ending detection (precomputed) completed: 8 files in 48767ms
ago. 20, 2026 8:08:10 PM com.hvs.webstore.back.infra.media.DetectionLogger printSummary
INFO: === Detection Summary (INTRO) ===
Total files:      0
Detected:         0
Failed:           0
Avg confidence:   0,000
Total time (ms):  0

ago. 20, 2026 8:08:10 PM com.hvs.webstore.back.infra.media.ChromaprintIntroDetector detectIntroPrecomputed
INFO: Intro detection (precomputed) completed: 31 files in 35405ms
ago. 20, 2026 8:08:21 PM com.hvs.webstore.back.infra.media.DetectionLogger printSummary
INFO: === Detection Summary (ENDING) ===
Total files:      0
Detected:         0
Failed:           0
Avg confidence:   0,000
Total time (ms):  0

ago. 20, 2026 8:08:21 PM com.hvs.webstore.back.infra.media.ChromaprintEndingDetector detectEndingPrecomputed
INFO: Ending detection (precomputed) completed: 31 files in 46157ms
ago. 20, 2026 8:09:49 PM com.hvs.webstore.back.infra.media.DetectionLogger printSummary
INFO: === Detection Summary (INTRO) ===
Total files:      0
Detected:         0
Failed:           0
Avg confidence:   0,000
Total time (ms):  0

ago. 20, 2026 8:09:49 PM com.hvs.webstore.back.infra.media.ChromaprintIntroDetector detectIntroPrecomputed
INFO: Intro detection (precomputed) completed: 34 files in 36573ms
ago. 20, 2026 8:09:59 PM com.hvs.webstore.back.infra.media.DetectionLogger printSummary
INFO: === Detection Summary (ENDING) ===
Total files:      0
Detected:         0
Failed:           0
Avg confidence:   0,000
Total time (ms):  0

ago. 20, 2026 8:09:59 PM com.hvs.webstore.back.infra.media.ChromaprintEndingDetector detectEndingPrecomputed
INFO: Ending detection (precomputed) completed: 34 files in 45943ms
ago. 20, 2026 8:11:19 PM com.hvs.webstore.back.infra.media.DetectionLogger printSummary
INFO: === Detection Summary (INTRO) ===
Total files:      0
Detected:         0
Failed:           0
Avg confidence:   0,000
Total time (ms):  0

ago. 20, 2026 8:11:19 PM com.hvs.webstore.back.infra.media.ChromaprintIntroDetector detectIntroPrecomputed
INFO: Intro detection (precomputed) completed: 26 files in 35045ms
ago. 20, 2026 8:11:32 PM com.hvs.webstore.back.infra.media.DetectionLogger printSummary
INFO: === Detection Summary (ENDING) ===
Total files:      0
Detected:         0
Failed:           0
Avg confidence:   0,000
Total time (ms):  0

ago. 20, 2026 8:11:32 PM com.hvs.webstore.back.infra.media.ChromaprintEndingDetector detectEndingPrecomputed
INFO: Ending detection (precomputed) completed: 26 files in 48398ms
ago. 20, 2026 8:12:32 PM com.hvs.webstore.back.infra.media.DetectionLogger printSummary
INFO: === Detection Summary (INTRO) ===
Total files:      0
Detected:         0
Failed:           0
Avg confidence:   0,000
Total time (ms):  0

ago. 20, 2026 8:12:32 PM com.hvs.webstore.back.infra.media.ChromaprintIntroDetector detectIntroPrecomputed
INFO: Intro detection (precomputed) completed: 15 files in 33636ms
ago. 20, 2026 8:12:47 PM com.hvs.webstore.back.infra.media.DetectionLogger printSummary
INFO: === Detection Summary (ENDING) ===
Total files:      0
Detected:         0
Failed:           0
Avg confidence:   0,000
Total time (ms):  0

ago. 20, 2026 8:12:47 PM com.hvs.webstore.back.infra.media.ChromaprintEndingDetector detectEndingPrecomputed
INFO: Ending detection (precomputed) completed: 15 files in 48698ms
ago. 20, 2026 8:13:46 PM com.hvs.webstore.back.infra.media.DetectionLogger printSummary
INFO: === Detection Summary (INTRO) ===
Total files:      0
Detected:         0
Failed:           0
Avg confidence:   0,000
Total time (ms):  0

ago. 20, 2026 8:13:46 PM com.hvs.webstore.back.infra.media.ChromaprintIntroDetector detectIntroPrecomputed
INFO: Intro detection (precomputed) completed: 13 files in 36601ms
ago. 20, 2026 8:13:59 PM com.hvs.webstore.back.infra.media.DetectionLogger printSummary
INFO: === Detection Summary (ENDING) ===
Total files:      0
Detected:         0
Failed:           0
Avg confidence:   0,000
Total time (ms):  0

ago. 20, 2026 8:13:59 PM com.hvs.webstore.back.infra.media.ChromaprintEndingDetector detectEndingPrecomputed
INFO: Ending detection (precomputed) completed: 13 files in 50100ms
ago. 20, 2026 8:14:47 PM com.hvs.webstore.back.infra.media.DetectionLogger printSummary
INFO: === Detection Summary (INTRO) ===
Total files:      0
Detected:         0
Failed:           0
Avg confidence:   0,000
Total time (ms):  0

ago. 20, 2026 8:14:47 PM com.hvs.webstore.back.infra.media.ChromaprintIntroDetector detectIntroPrecomputed
INFO: Intro detection (precomputed) completed: 12 files in 31121ms
ago. 20, 2026 8:15:00 PM com.hvs.webstore.back.infra.media.DetectionLogger printSummary
INFO: === Detection Summary (ENDING) ===
Total files:      0
Detected:         0
Failed:           0
Avg confidence:   0,000
Total time (ms):  0

ago. 20, 2026 8:15:00 PM com.hvs.webstore.back.infra.media.ChromaprintEndingDetector detectEndingPrecomputed
INFO: Ending detection (precomputed) completed: 12 files in 44431ms
ago. 20, 2026 8:15:44 PM com.hvs.webstore.back.infra.media.DetectionLogger printSummary
INFO: === Detection Summary (INTRO) ===
Total files:      0
Detected:         0
Failed:           0
Avg confidence:   0,000
Total time (ms):  0

ago. 20, 2026 8:15:44 PM com.hvs.webstore.back.infra.media.ChromaprintIntroDetector detectIntroPrecomputed
INFO: Intro detection (precomputed) completed: 6 files in 34018ms
ago. 20, 2026 8:16:32 PM com.hvs.webstore.back.infra.media.DetectionLogger printSummary
INFO: === Detection Summary (ENDING) ===
Total files:      0
Detected:         0
Failed:           0
Avg confidence:   0,000
Total time (ms):  0

ago. 20, 2026 8:16:32 PM com.hvs.webstore.back.infra.media.ChromaprintEndingDetector detectEndingPrecomputed
INFO: Ending detection (precomputed) completed: 6 files in 81623ms
ago. 20, 2026 8:18:02 PM com.hvs.webstore.back.infra.media.DetectionLogger printSummary
INFO: === Detection Summary (INTRO) ===
Total files:      0
Detected:         0
Failed:           0
Avg confidence:   0,000
Total time (ms):  0

ago. 20, 2026 8:18:02 PM com.hvs.webstore.back.infra.media.ChromaprintIntroDetector detectIntroPrecomputed
INFO: Intro detection (precomputed) completed: 13 files in 70278ms
ago. 20, 2026 8:19:44 PM com.hvs.webstore.back.infra.media.DetectionLogger printSummary
INFO: === Detection Summary (ENDING) ===
Total files:      0
Detected:         0
Failed:           0
Avg confidence:   0,000
Total time (ms):  0

ago. 20, 2026 8:19:44 PM com.hvs.webstore.back.infra.media.ChromaprintEndingDetector detectEndingPrecomputed
INFO: Ending detection (precomputed) completed: 13 files in 172491ms
ago. 20, 2026 8:21:29 PM com.hvs.webstore.back.infra.media.DetectionLogger printSummary
INFO: === Detection Summary (INTRO) ===
Total files:      0
Detected:         0
Failed:           0
Avg confidence:   0,000
Total time (ms):  0

ago. 20, 2026 8:21:29 PM com.hvs.webstore.back.infra.media.ChromaprintIntroDetector detectIntroPrecomputed
INFO: Intro detection (precomputed) completed: 13 files in 79810ms
ago. 20, 2026 8:22:07 PM com.hvs.webstore.back.infra.media.DetectionLogger printSummary
INFO: === Detection Summary (ENDING) ===
Total files:      0
Detected:         0
Failed:           0
Avg confidence:   0,000
Total time (ms):  0

ago. 20, 2026 8:22:07 PM com.hvs.webstore.back.infra.media.ChromaprintEndingDetector detectEndingPrecomputed
INFO: Ending detection (precomputed) completed: 13 files in 117407ms
ago. 20, 2026 8:24:31 PM com.hvs.webstore.back.infra.media.DetectionLogger printSummary
INFO: === Detection Summary (INTRO) ===
Total files:      0
Detected:         0
Failed:           0
Avg confidence:   0,000
Total time (ms):  0

ago. 20, 2026 8:24:31 PM com.hvs.webstore.back.infra.media.ChromaprintIntroDetector detectIntroPrecomputed
INFO: Intro detection (precomputed) completed: 13 files in 123819ms
ago. 20, 2026 8:25:27 PM com.hvs.webstore.back.infra.media.DetectionLogger printSummary
INFO: === Detection Summary (ENDING) ===
Total files:      0
Detected:         0
Failed:           0
Avg confidence:   0,000
Total time (ms):  0

ago. 20, 2026 8:25:27 PM com.hvs.webstore.back.infra.media.ChromaprintEndingDetector detectEndingPrecomputed
INFO: Ending detection (precomputed) completed: 13 files in 179962ms
ago. 20, 2026 8:26:50 PM com.hvs.webstore.back.infra.media.DetectionLogger printSummary
INFO: === Detection Summary (INTRO) ===
Total files:      0
Detected:         0
Failed:           0
Avg confidence:   0,000
Total time (ms):  0

ago. 20, 2026 8:26:50 PM com.hvs.webstore.back.infra.media.ChromaprintIntroDetector detectIntroPrecomputed
INFO: Intro detection (precomputed) completed: 13 files in 66462ms
ago. 20, 2026 8:28:03 PM com.hvs.webstore.back.infra.media.DetectionLogger printSummary
INFO: === Detection Summary (ENDING) ===
Total files:      0
Detected:         0
Failed:           0
Avg confidence:   0,000
Total time (ms):  0

ago. 20, 2026 8:28:03 PM com.hvs.webstore.back.infra.media.ChromaprintEndingDetector detectEndingPrecomputed
INFO: Ending detection (precomputed) completed: 13 files in 139676ms
ago. 20, 2026 8:29:14 PM com.hvs.webstore.back.infra.media.DetectionLogger printSummary
INFO: === Detection Summary (INTRO) ===
Total files:      0
Detected:         0
Failed:           0
Avg confidence:   0,000
Total time (ms):  0

ago. 20, 2026 8:29:14 PM com.hvs.webstore.back.infra.media.ChromaprintIntroDetector detectIntroPrecomputed
INFO: Intro detection (precomputed) completed: 13 files in 55361ms
ago. 20, 2026 8:29:42 PM com.hvs.webstore.back.infra.media.DetectionLogger printSummary
INFO: === Detection Summary (ENDING) ===
Total files:      0
Detected:         0
Failed:           0
Avg confidence:   0,000
Total time (ms):  0

ago. 20, 2026 8:29:42 PM com.hvs.webstore.back.infra.media.ChromaprintEndingDetector detectEndingPrecomputed
INFO: Ending detection (precomputed) completed: 13 files in 83623ms
ago. 20, 2026 8:30:59 PM com.hvs.webstore.back.infra.media.DetectionLogger printSummary
INFO: === Detection Summary (INTRO) ===
Total files:      0
Detected:         0
Failed:           0
Avg confidence:   0,000
Total time (ms):  0

ago. 20, 2026 8:30:59 PM com.hvs.webstore.back.infra.media.ChromaprintIntroDetector detectIntroPrecomputed
INFO: Intro detection (precomputed) completed: 13 files in 61229ms
ago. 20, 2026 8:31:20 PM com.hvs.webstore.back.infra.media.DetectionLogger printSummary
INFO: === Detection Summary (ENDING) ===
Total files:      0
Detected:         0
Failed:           0
Avg confidence:   0,000
Total time (ms):  0

ago. 20, 2026 8:31:20 PM com.hvs.webstore.back.infra.media.ChromaprintEndingDetector detectEndingPrecomputed
INFO: Ending detection (precomputed) completed: 13 files in 82216ms
ago. 20, 2026 8:31:46 PM com.hvs.webstore.back.infra.media.DetectionLogger printSummary
INFO: === Detection Summary (ENDING) ===
Total files:      0
Detected:         0
Failed:           0
Avg confidence:   0,000
Total time (ms):  0

ago. 20, 2026 8:31:46 PM com.hvs.webstore.back.infra.media.ChromaprintEndingDetector detectEndingPrecomputed
INFO: Ending detection (precomputed) completed: 47 files in 4084ms
ago. 20, 2026 8:32:11 PM com.hvs.webstore.back.infra.media.DetectionLogger printSummary
INFO: === Detection Summary (INTRO) ===
Total files:      0
Detected:         0
Failed:           0
Avg confidence:   0,000
Total time (ms):  0

ago. 20, 2026 8:32:11 PM com.hvs.webstore.back.infra.media.ChromaprintIntroDetector detectIntroPrecomputed
INFO: Intro detection (precomputed) completed: 47 files in 29363ms
ago. 20, 2026 8:32:15 PM com.hvs.webstore.back.infra.media.DetectionLogger printSummary
INFO: === Detection Summary (ENDING) ===
Total files:      0
Detected:         0
Failed:           0
Avg confidence:   0,000
Total time (ms):  0

ago. 20, 2026 8:32:15 PM com.hvs.webstore.back.infra.media.ChromaprintEndingDetector detectEndingPrecomputed
INFO: Ending detection (precomputed) completed: 6 files in 61ms
ago. 20, 2026 8:32:15 PM com.hvs.webstore.back.infra.media.DetectionLogger printSummary
INFO: === Detection Summary (INTRO) ===
Total files:      0
Detected:         0
Failed:           0
Avg confidence:   0,000
Total time (ms):  0

ago. 20, 2026 8:32:15 PM com.hvs.webstore.back.infra.media.ChromaprintIntroDetector detectIntroPrecomputed
INFO: Intro detection (precomputed) completed: 6 files in 83ms
ago. 20, 2026 8:32:18 PM com.hvs.webstore.back.infra.media.DetectionLogger printSummary
INFO: === Detection Summary (ENDING) ===
Total files:      0
Detected:         0
Failed:           0
Avg confidence:   0,000
Total time (ms):  0

ago. 20, 2026 8:32:18 PM com.hvs.webstore.back.infra.media.ChromaprintEndingDetector detectEndingPrecomputed
INFO: Ending detection (precomputed) completed: 7 files in 105ms
ago. 20, 2026 8:32:18 PM com.hvs.webstore.back.infra.media.DetectionLogger printSummary
INFO: === Detection Summary (INTRO) ===
Total files:      0
Detected:         0
Failed:           0
Avg confidence:   0,000
Total time (ms):  0

ago. 20, 2026 8:32:18 PM com.hvs.webstore.back.infra.media.ChromaprintIntroDetector detectIntroPrecomputed
INFO: Intro detection (precomputed) completed: 7 files in 118ms
ago. 20, 2026 8:33:33 PM com.hvs.webstore.back.infra.media.DetectionLogger printSummary
INFO: === Detection Summary (INTRO) ===
Total files:      0
Detected:         0
Failed:           0
Avg confidence:   0,000
Total time (ms):  0

ago. 20, 2026 8:33:33 PM com.hvs.webstore.back.infra.media.ChromaprintIntroDetector detectIntroPrecomputed
INFO: Intro detection (precomputed) completed: 24 files in 49757ms
ago. 20, 2026 8:34:39 PM com.hvs.webstore.back.infra.media.DetectionLogger printSummary
INFO: === Detection Summary (ENDING) ===
Total files:      0
Detected:         0
Failed:           0
Avg confidence:   0,000
Total time (ms):  0

ago. 20, 2026 8:34:39 PM com.hvs.webstore.back.infra.media.ChromaprintEndingDetector detectEndingPrecomputed
INFO: Ending detection (precomputed) completed: 24 files in 115925ms
ago. 20, 2026 8:36:02 PM com.hvs.webstore.back.infra.media.DetectionLogger printSummary
INFO: === Detection Summary (ENDING) ===
Total files:      0
Detected:         0
Failed:           0
Avg confidence:   0,000
Total time (ms):  0

ago. 20, 2026 8:36:02 PM com.hvs.webstore.back.infra.media.ChromaprintEndingDetector detectEndingPrecomputed
INFO: Ending detection (precomputed) completed: 197 files in 32871ms
ago. 20, 2026 8:36:16 PM com.hvs.webstore.back.infra.media.DetectionLogger printSummary
INFO: === Detection Summary (INTRO) ===
Total files:      0
Detected:         0
Failed:           0
Avg confidence:   0,000
Total time (ms):  0

ago. 20, 2026 8:36:16 PM com.hvs.webstore.back.infra.media.ChromaprintIntroDetector detectIntroPrecomputed
INFO: Intro detection (precomputed) completed: 197 files in 46399ms
ago. 20, 2026 8:38:30 PM com.hvs.webstore.back.infra.media.DetectionLogger printSummary
INFO: === Detection Summary (ENDING) ===
Total files:      0
Detected:         0
Failed:           0
Avg confidence:   0,000
Total time (ms):  0

ago. 20, 2026 8:38:30 PM com.hvs.webstore.back.infra.media.ChromaprintEndingDetector detectEndingPrecomputed
INFO: Ending detection (precomputed) completed: 82 files in 69183ms
ago. 20, 2026 8:40:29 PM com.hvs.webstore.back.infra.media.DetectionLogger printSummary
INFO: === Detection Summary (INTRO) ===
Total files:      0
Detected:         0
Failed:           0
Avg confidence:   0,000
Total time (ms):  0

ago. 20, 2026 8:40:29 PM com.hvs.webstore.back.infra.media.ChromaprintIntroDetector detectIntroPrecomputed
INFO: Intro detection (precomputed) completed: 82 files in 188117ms
ago. 20, 2026 8:45:16 PM com.hvs.webstore.back.infra.media.DetectionLogger printSummary
INFO: === Detection Summary (INTRO) ===
Total files:      0
Detected:         0
Failed:           0
Avg confidence:   0,000
Total time (ms):  0

ago. 20, 2026 8:45:16 PM com.hvs.webstore.back.infra.media.ChromaprintIntroDetector detectIntroPrecomputed
INFO: Intro detection (precomputed) completed: 36 files in 248947ms
ago. 20, 2026 8:48:32 PM com.hvs.webstore.back.infra.media.DetectionLogger printSummary
INFO: === Detection Summary (ENDING) ===
Total files:      0
Detected:         0
Failed:           0
Avg confidence:   0,000
Total time (ms):  0

ago. 20, 2026 8:48:32 PM com.hvs.webstore.back.infra.media.ChromaprintEndingDetector detectEndingPrecomputed
INFO: Ending detection (precomputed) completed: 36 files in 444831ms
ago. 20, 2026 8:51:06 PM com.hvs.webstore.back.infra.media.DetectionLogger printSummary
INFO: === Detection Summary (INTRO) ===
Total files:      0
Detected:         0
Failed:           0
Avg confidence:   0,000
Total time (ms):  0

ago. 20, 2026 8:51:06 PM com.hvs.webstore.back.infra.media.ChromaprintIntroDetector detectIntroPrecomputed
INFO: Intro detection (precomputed) completed: 41 files in 109293ms
ago. 20, 2026 8:55:12 PM com.hvs.webstore.back.infra.media.DetectionLogger printSummary
INFO: === Detection Summary (ENDING) ===
Total files:      0
Detected:         0
Failed:           0
Avg confidence:   0,000
Total time (ms):  0

ago. 20, 2026 8:55:12 PM com.hvs.webstore.back.infra.media.ChromaprintEndingDetector detectEndingPrecomputed
INFO: Ending detection (precomputed) completed: 41 files in 356136ms
ago. 20, 2026 8:59:10 PM com.hvs.webstore.back.infra.media.DetectionLogger printSummary
INFO: === Detection Summary (INTRO) ===
Total files:      0
Detected:         0
Failed:           0
Avg confidence:   0,000
Total time (ms):  0

ago. 20, 2026 8:59:10 PM com.hvs.webstore.back.infra.media.ChromaprintIntroDetector detectIntroPrecomputed
INFO: Intro detection (precomputed) completed: 52 files in 187940ms
ago. 20, 2026 9:02:01 PM com.hvs.webstore.back.infra.media.DetectionLogger printSummary
INFO: === Detection Summary (ENDING) ===
Total files:      0
Detected:         0
Failed:           0
Avg confidence:   0,000
Total time (ms):  0

ago. 20, 2026 9:02:01 PM com.hvs.webstore.back.infra.media.ChromaprintEndingDetector detectEndingPrecomputed
INFO: Ending detection (precomputed) completed: 52 files in 359435ms
ago. 20, 2026 9:07:06 PM com.hvs.webstore.back.infra.media.DetectionLogger printSummary
INFO: === Detection Summary (INTRO) ===
Total files:      0
Detected:         0
Failed:           0
Avg confidence:   0,000
Total time (ms):  0

ago. 20, 2026 9:07:06 PM com.hvs.webstore.back.infra.media.ChromaprintIntroDetector detectIntroPrecomputed
INFO: Intro detection (precomputed) completed: 65 files in 242688ms
ago. 20, 2026 9:12:15 PM com.hvs.webstore.back.infra.media.DetectionLogger printSummary
INFO: === Detection Summary (ENDING) ===
Total files:      0
Detected:         0
Failed:           0
Avg confidence:   0,000
Total time (ms):  0

ago. 20, 2026 9:12:15 PM com.hvs.webstore.back.infra.media.ChromaprintEndingDetector detectEndingPrecomputed
INFO: Ending detection (precomputed) completed: 65 files in 550985ms
ago. 20, 2026 9:14:15 PM com.hvs.webstore.back.infra.media.DetectionLogger printSummary
INFO: === Detection Summary (ENDING) ===
Total files:      0
Detected:         0
Failed:           0
Avg confidence:   0,000
Total time (ms):  0

ago. 20, 2026 9:14:15 PM com.hvs.webstore.back.infra.media.ChromaprintEndingDetector detectEndingPrecomputed
INFO: Ending detection (precomputed) completed: 25 files in 91822ms
ago. 20, 2026 9:14:47 PM com.hvs.webstore.back.infra.media.DetectionLogger printSummary
INFO: === Detection Summary (INTRO) ===
Total files:      0
Detected:         0
Failed:           0
Avg confidence:   0,000
Total time (ms):  0

ago. 20, 2026 9:14:47 PM com.hvs.webstore.back.infra.media.ChromaprintIntroDetector detectIntroPrecomputed
INFO: Intro detection (precomputed) completed: 25 files in 123651ms
ago. 20, 2026 9:15:30 PM com.hvs.webstore.back.infra.media.DetectionLogger printSummary
INFO: === Detection Summary (INTRO) ===
Total files:      0
Detected:         0
Failed:           0
Avg confidence:   0,000
Total time (ms):  0

ago. 20, 2026 9:15:30 PM com.hvs.webstore.back.infra.media.ChromaprintIntroDetector detectIntroPrecomputed
INFO: Intro detection (precomputed) completed: 13 files in 28283ms
ago. 20, 2026 9:16:12 PM com.hvs.webstore.back.infra.media.DetectionLogger printSummary
INFO: === Detection Summary (ENDING) ===
Total files:      0
Detected:         0
Failed:           0
Avg confidence:   0,000
Total time (ms):  0

ago. 20, 2026 9:16:12 PM com.hvs.webstore.back.infra.media.ChromaprintEndingDetector detectEndingPrecomputed
INFO: Ending detection (precomputed) completed: 13 files in 70618ms
ago. 20, 2026 9:18:12 PM com.hvs.webstore.back.infra.media.DetectionLogger printSummary
INFO: === Detection Summary (INTRO) ===
Total files:      0
Detected:         0
Failed:           0
Avg confidence:   0,000
Total time (ms):  0

ago. 20, 2026 9:18:12 PM com.hvs.webstore.back.infra.media.ChromaprintIntroDetector detectIntroPrecomputed
INFO: Intro detection (precomputed) completed: 12 files in 101574ms
ago. 20, 2026 9:18:23 PM com.hvs.webstore.back.infra.media.DetectionLogger printSummary
INFO: === Detection Summary (ENDING) ===
Total files:      0
Detected:         0
Failed:           0
Avg confidence:   0,000
Total time (ms):  0

ago. 20, 2026 9:18:23 PM com.hvs.webstore.back.infra.media.ChromaprintEndingDetector detectEndingPrecomputed
INFO: Ending detection (precomputed) completed: 12 files in 111876ms
ago. 20, 2026 9:19:36 PM com.hvs.webstore.back.infra.media.DetectionLogger printSummary
INFO: === Detection Summary (INTRO) ===
Total files:      0
Detected:         0
Failed:           0
Avg confidence:   0,000
Total time (ms):  0

ago. 20, 2026 9:19:36 PM com.hvs.webstore.back.infra.media.ChromaprintIntroDetector detectIntroPrecomputed
INFO: Intro detection (precomputed) completed: 5 files in 64424ms
ago. 20, 2026 9:20:06 PM com.hvs.webstore.back.infra.media.DetectionLogger printSummary
INFO: === Detection Summary (ENDING) ===
Total files:      0
Detected:         0
Failed:           0
Avg confidence:   0,000
Total time (ms):  0

ago. 20, 2026 9:20:06 PM com.hvs.webstore.back.infra.media.ChromaprintEndingDetector detectEndingPrecomputed
INFO: Ending detection (precomputed) completed: 5 files in 94213ms
Exception in thread "main" com.mysql.cj.jdbc.exceptions.CommunicationsException: Communications link failure

The last packet successfully received from the server was 103.437 milliseconds ago. The last packet sent successfully to the server was 103.449 milliseconds ago.
	at com.mysql.cj.jdbc.exceptions.SQLError.createCommunicationsException(SQLError.java:165)
	at com.mysql.cj.jdbc.exceptions.SQLExceptionsMapping.translateException(SQLExceptionsMapping.java:55)
	at com.mysql.cj.jdbc.ConnectionImpl.isReadOnly(ConnectionImpl.java:1407)
	at com.mysql.cj.jdbc.ConnectionImpl.isReadOnly(ConnectionImpl.java:1392)
	at com.mysql.cj.jdbc.ClientPreparedStatement.executeBatchInternal(ClientPreparedStatement.java:433)
	at com.mysql.cj.jdbc.StatementImpl.executeBatch(StatementImpl.java:858)
	at com.hvs.webstore.back.EscanearESalvarCortes.main(EscanearESalvarCortes.java:210)
Caused by: com.mysql.cj.exceptions.CJCommunicationsException: Communications link failure

The last packet successfully received from the server was 103.437 milliseconds ago. The last packet sent successfully to the server was 103.449 milliseconds ago.
	at java.base/jdk.internal.reflect.DirectConstructorHandleAccessor.newInstance(DirectConstructorHandleAccessor.java:62)
	at java.base/java.lang.reflect.Constructor.newInstanceWithCaller(Constructor.java:499)
	at java.base/java.lang.reflect.Constructor.newInstance(Constructor.java:483)
	at com.mysql.cj.exceptions.ExceptionFactory.createException(ExceptionFactory.java:52)
	at com.mysql.cj.exceptions.ExceptionFactory.createException(ExceptionFactory.java:95)
	at com.mysql.cj.exceptions.ExceptionFactory.createException(ExceptionFactory.java:140)
	at com.mysql.cj.exceptions.ExceptionFactory.createCommunicationsException(ExceptionFactory.java:156)
	at com.mysql.cj.protocol.a.NativeProtocol.readMessage(NativeProtocol.java:592)
	at com.mysql.cj.protocol.a.NativeProtocol.checkErrorMessage(NativeProtocol.java:769)
	at com.mysql.cj.protocol.a.NativeProtocol.sendCommand(NativeProtocol.java:708)
	at com.mysql.cj.protocol.a.NativeProtocol.sendCommand(NativeProtocol.java:148)
	at com.mysql.cj.NativeSession.queryServerVariable(NativeSession.java:745)
	at com.mysql.cj.jdbc.ConnectionImpl.isReadOnly(ConnectionImpl.java:1399)
	... 4 more
Caused by: java.io.EOFException: Can not read response from server. Expected to read 4 bytes, read 0 bytes before connection was unexpectedly lost.
	at com.mysql.cj.protocol.FullReadInputStream.readFully(FullReadInputStream.java:58)
	at com.mysql.cj.protocol.a.SimplePacketReader.readHeaderLocal(SimplePacketReader.java:72)
	at com.mysql.cj.protocol.a.SimplePacketReader.readHeader(SimplePacketReader.java:54)
	at com.mysql.cj.protocol.a.SimplePacketReader.readHeader(SimplePacketReader.java:36)
	at com.mysql.cj.protocol.a.TimeTrackingPacketReader.readHeader(TimeTrackingPacketReader.java:43)
	at com.mysql.cj.protocol.a.TimeTrackingPacketReader.readHeader(TimeTrackingPacketReader.java:32)
	at com.mysql.cj.protocol.a.MultiPacketReader.readHeader(MultiPacketReader.java:45)
	at com.mysql.cj.protocol.a.MultiPacketReader.readHeader(MultiPacketReader.java:35)
	at com.mysql.cj.protocol.a.NativeProtocol.readMessage(NativeProtocol.java:586)
	... 9 more
ago. 20, 2026 9:55:31 PM com.hvs.webstore.back.infra.media.DetectionLogger printSummary
INFO: === Detection Summary (INTRO) ===
Total files:      0
Detected:         0
Failed:           0
Avg confidence:   0,000
Total time (ms):  0

ago. 20, 2026 9:55:31 PM com.hvs.webstore.back.infra.media.ChromaprintIntroDetector detectIntroPrecomputed
INFO: Intro detection (precomputed) completed: 13 files in 22813ms
ago. 20, 2026 9:56:08 PM com.hvs.webstore.back.infra.media.DetectionLogger printSummary
INFO: === Detection Summary (ENDING) ===
Total files:      0
Detected:         0
Failed:           0
Avg confidence:   0,000
Total time (ms):  0

ago. 20, 2026 9:56:08 PM com.hvs.webstore.back.infra.media.ChromaprintEndingDetector detectEndingPrecomputed
INFO: Ending detection (precomputed) completed: 13 files in 59660ms
ago. 20, 2026 9:56:57 PM com.hvs.webstore.back.infra.media.DetectionLogger printSummary
INFO: === Detection Summary (ENDING) ===
Total files:      0
Detected:         0
Failed:           0
Avg confidence:   0,000
Total time (ms):  0

ago. 20, 2026 9:56:57 PM com.hvs.webstore.back.infra.media.ChromaprintEndingDetector detectEndingPrecomputed
INFO: Ending detection (precomputed) completed: 103 files in 45224ms
ago. 20, 2026 9:57:33 PM com.hvs.webstore.back.infra.media.DetectionLogger printSummary
INFO: === Detection Summary (INTRO) ===
Total files:      0
Detected:         0
Failed:           0
Avg confidence:   0,000
Total time (ms):  0

ago. 20, 2026 9:57:33 PM com.hvs.webstore.back.infra.media.ChromaprintIntroDetector detectIntroPrecomputed
INFO: Intro detection (precomputed) completed: 103 files in 81237ms
ago. 20, 2026 9:57:34 PM com.hvs.webstore.back.infra.media.DetectionLogger printSummary
INFO: === Detection Summary (INTRO) ===
Total files:      0
Detected:         0
Failed:           0
Avg confidence:   0,000
Total time (ms):  0

ago. 20, 2026 9:57:34 PM com.hvs.webstore.back.infra.media.ChromaprintIntroDetector detectIntroPrecomputed
INFO: Intro detection (precomputed) completed: 3 files in 927ms
ago. 20, 2026 9:58:20 PM com.hvs.webstore.back.infra.media.DetectionLogger printSummary
INFO: === Detection Summary (ENDING) ===
Total files:      0
Detected:         0
Failed:           0
Avg confidence:   0,000
Total time (ms):  0

ago. 20, 2026 9:58:20 PM com.hvs.webstore.back.infra.media.ChromaprintEndingDetector detectEndingPrecomputed
INFO: Ending detection (precomputed) completed: 3 files in 47189ms
ago. 20, 2026 9:59:15 PM com.hvs.webstore.back.infra.media.DetectionLogger printSummary
INFO: === Detection Summary (INTRO) ===
Total files:      0
Detected:         0
Failed:           0
Avg confidence:   0,000
Total time (ms):  0

ago. 20, 2026 9:59:15 PM com.hvs.webstore.back.infra.media.ChromaprintIntroDetector detectIntroPrecomputed
INFO: Intro detection (precomputed) completed: 12 files in 54400ms
ago. 20, 2026 9:59:38 PM com.hvs.webstore.back.infra.media.DetectionLogger printSummary
INFO: === Detection Summary (ENDING) ===
Total files:      0
Detected:         0
Failed:           0
Avg confidence:   0,000
Total time (ms):  0

ago. 20, 2026 9:59:38 PM com.hvs.webstore.back.infra.media.ChromaprintEndingDetector detectEndingPrecomputed
INFO: Ending detection (precomputed) completed: 12 files in 77082ms
ago. 20, 2026 9:59:38 PM com.hvs.webstore.back.infra.media.DetectionLogger printSummary
INFO: === Detection Summary (ENDING) ===
Total files:      0
Detected:         0
Failed:           0
Avg confidence:   0,000
Total time (ms):  0

ago. 20, 2026 9:59:38 PM com.hvs.webstore.back.infra.media.ChromaprintEndingDetector detectEndingPrecomputed
INFO: Ending detection (precomputed) completed: 2 files in 136ms
ago. 20, 2026 9:59:39 PM com.hvs.webstore.back.infra.media.DetectionLogger printSummary
INFO: === Detection Summary (INTRO) ===
Total files:      0
Detected:         0
Failed:           0
Avg confidence:   0,000
Total time (ms):  0

ago. 20, 2026 9:59:39 PM com.hvs.webstore.back.infra.media.ChromaprintIntroDetector detectIntroPrecomputed
INFO: Intro detection (precomputed) completed: 2 files in 1202ms
ago. 20, 2026 9:59:54 PM com.hvs.webstore.back.infra.media.DetectionLogger printSummary
INFO: === Detection Summary (INTRO) ===
Total files:      0
Detected:         0
Failed:           0
Avg confidence:   0,000
Total time (ms):  0

ago. 20, 2026 9:59:54 PM com.hvs.webstore.back.infra.media.ChromaprintIntroDetector detectIntroPrecomputed
INFO: Intro detection (precomputed) completed: 12 files in 15095ms
ago. 20, 2026 10:00:24 PM com.hvs.webstore.back.infra.media.DetectionLogger printSummary
INFO: === Detection Summary (ENDING) ===
Total files:      0
Detected:         0
Failed:           0
Avg confidence:   0,000
Total time (ms):  0

ago. 20, 2026 10:00:24 PM com.hvs.webstore.back.infra.media.ChromaprintEndingDetector detectEndingPrecomputed
INFO: Ending detection (precomputed) completed: 12 files in 44905ms
ago. 20, 2026 10:01:46 PM com.hvs.webstore.back.infra.media.DetectionLogger printSummary
INFO: === Detection Summary (INTRO) ===
Total files:      0
Detected:         0
Failed:           0
Avg confidence:   0,000
Total time (ms):  0

ago. 20, 2026 10:01:46 PM com.hvs.webstore.back.infra.media.ChromaprintIntroDetector detectIntroPrecomputed
INFO: Intro detection (precomputed) completed: 28 files in 81324ms
ago. 20, 2026 10:03:39 PM com.hvs.webstore.back.infra.media.DetectionLogger printSummary
INFO: === Detection Summary (ENDING) ===
Total files:      0
Detected:         0
Failed:           0
Avg confidence:   0,000
Total time (ms):  0

ago. 20, 2026 10:03:39 PM com.hvs.webstore.back.infra.media.ChromaprintEndingDetector detectEndingPrecomputed
INFO: Ending detection (precomputed) completed: 28 files in 193605ms
ago. 20, 2026 10:08:19 PM com.hvs.webstore.back.infra.media.DetectionLogger printSummary
INFO: === Detection Summary (INTRO) ===
Total files:      0
Detected:         0
Failed:           0
Avg confidence:   0,000
Total time (ms):  0

ago. 20, 2026 10:08:19 PM com.hvs.webstore.back.infra.media.ChromaprintIntroDetector detectIntroPrecomputed
INFO: Intro detection (precomputed) completed: 11 files in 279791ms
ago. 20, 2026 10:15:59 PM com.hvs.webstore.back.infra.media.DetectionLogger printSummary
INFO: === Detection Summary (ENDING) ===
Total files:      0
Detected:         0
Failed:           0
Avg confidence:   0,000
Total time (ms):  0

ago. 20, 2026 10:15:59 PM com.hvs.webstore.back.infra.media.ChromaprintEndingDetector detectEndingPrecomputed
INFO: Ending detection (precomputed) completed: 11 files in 739779ms
ago. 20, 2026 10:17:05 PM com.hvs.webstore.back.infra.media.DetectionLogger printSummary
INFO: === Detection Summary (INTRO) ===
Total files:      0
Detected:         0
Failed:           0
Avg confidence:   0,000
Total time (ms):  0

ago. 20, 2026 10:17:05 PM com.hvs.webstore.back.infra.media.ChromaprintIntroDetector detectIntroPrecomputed
INFO: Intro detection (precomputed) completed: 26 files in 65209ms
ago. 20, 2026 10:18:26 PM com.hvs.webstore.back.infra.media.DetectionLogger printSummary
INFO: === Detection Summary (ENDING) ===
Total files:      0
Detected:         0
Failed:           0
Avg confidence:   0,000
Total time (ms):  0

ago. 20, 2026 10:18:26 PM com.hvs.webstore.back.infra.media.ChromaprintEndingDetector detectEndingPrecomputed
INFO: Ending detection (precomputed) completed: 26 files in 146215ms
ago. 20, 2026 10:20:01 PM com.hvs.webstore.back.infra.media.DetectionLogger printSummary
INFO: === Detection Summary (ENDING) ===
Total files:      0
Detected:         0
Failed:           0
Avg confidence:   0,000
Total time (ms):  0

ago. 20, 2026 10:20:01 PM com.hvs.webstore.back.infra.media.ChromaprintEndingDetector detectEndingPrecomputed
INFO: Ending detection (precomputed) completed: 26 files in 94150ms
ago. 20, 2026 10:20:12 PM com.hvs.webstore.back.infra.media.DetectionLogger printSummary
INFO: === Detection Summary (INTRO) ===
Total files:      0
Detected:         0
Failed:           0
Avg confidence:   0,000
Total time (ms):  0

ago. 20, 2026 10:20:12 PM com.hvs.webstore.back.infra.media.ChromaprintIntroDetector detectIntroPrecomputed
INFO: Intro detection (precomputed) completed: 26 files in 105750ms
ago. 20, 2026 10:21:10 PM com.hvs.webstore.back.infra.media.DetectionLogger printSummary
INFO: === Detection Summary (INTRO) ===
Total files:      0
Detected:         0
Failed:           0
Avg confidence:   0,000
Total time (ms):  0

ago. 20, 2026 10:21:10 PM com.hvs.webstore.back.infra.media.ChromaprintIntroDetector detectIntroPrecomputed
INFO: Intro detection (precomputed) completed: 7 files in 56840ms
ago. 20, 2026 10:21:36 PM com.hvs.webstore.back.infra.media.DetectionLogger printSummary
INFO: === Detection Summary (ENDING) ===
Total files:      0
Detected:         0
Failed:           0
Avg confidence:   0,000
Total time (ms):  0

ago. 20, 2026 10:21:36 PM com.hvs.webstore.back.infra.media.ChromaprintEndingDetector detectEndingPrecomputed
INFO: Ending detection (precomputed) completed: 7 files in 83120ms
ago. 20, 2026 10:22:38 PM com.hvs.webstore.back.infra.media.DetectionLogger printSummary
INFO: === Detection Summary (INTRO) ===
Total files:      0
Detected:         0
Failed:           0
Avg confidence:   0,000
Total time (ms):  0

ago. 20, 2026 10:22:38 PM com.hvs.webstore.back.infra.media.ChromaprintIntroDetector detectIntroPrecomputed
INFO: Intro detection (precomputed) completed: 11 files in 61672ms
ago. 20, 2026 10:23:59 PM com.hvs.webstore.back.infra.media.DetectionLogger printSummary
INFO: === Detection Summary (ENDING) ===
Total files:      0
Detected:         0
Failed:           0
Avg confidence:   0,000
Total time (ms):  0

ago. 20, 2026 10:23:59 PM com.hvs.webstore.back.infra.media.ChromaprintEndingDetector detectEndingPrecomputed
INFO: Ending detection (precomputed) completed: 11 files in 143004ms
ago. 20, 2026 10:25:02 PM com.hvs.webstore.back.infra.media.DetectionLogger printSummary
INFO: === Detection Summary (INTRO) ===
Total files:      0
Detected:         0
Failed:           0
Avg confidence:   0,000
Total time (ms):  0

ago. 20, 2026 10:25:02 PM com.hvs.webstore.back.infra.media.ChromaprintIntroDetector detectIntroPrecomputed
INFO: Intro detection (precomputed) completed: 11 files in 62211ms
ago. 20, 2026 10:25:24 PM com.hvs.webstore.back.infra.media.DetectionLogger printSummary
INFO: === Detection Summary (ENDING) ===
Total files:      0
Detected:         0
Failed:           0
Avg confidence:   0,000
Total time (ms):  0

ago. 20, 2026 10:25:24 PM com.hvs.webstore.back.infra.media.ChromaprintEndingDetector detectEndingPrecomputed
INFO: Ending detection (precomputed) completed: 11 files in 84263ms
ago. 20, 2026 10:33:46 PM com.hvs.webstore.back.infra.media.DetectionLogger printSummary
INFO: === Detection Summary (ENDING) ===
Total files:      0
Detected:         0
Failed:           0
Avg confidence:   0,000
Total time (ms):  0

ago. 20, 2026 10:33:46 PM com.hvs.webstore.back.infra.media.ChromaprintEndingDetector detectEndingPrecomputed
INFO: Ending detection (precomputed) completed: 8 files in 501587ms
ago. 20, 2026 10:34:18 PM com.hvs.webstore.back.infra.media.DetectionLogger printSummary
INFO: === Detection Summary (INTRO) ===
Total files:      0
Detected:         0
Failed:           0
Avg confidence:   0,000
Total time (ms):  0

ago. 20, 2026 10:34:18 PM com.hvs.webstore.back.infra.media.ChromaprintIntroDetector detectIntroPrecomputed
INFO: Intro detection (precomputed) completed: 8 files in 533081ms
ago. 20, 2026 10:34:43 PM com.hvs.webstore.back.infra.media.DetectionLogger printSummary
INFO: === Detection Summary (INTRO) ===
Total files:      0
Detected:         0
Failed:           0
Avg confidence:   0,000
Total time (ms):  0

ago. 20, 2026 10:34:43 PM com.hvs.webstore.back.infra.media.ChromaprintIntroDetector detectIntroPrecomputed
INFO: Intro detection (precomputed) completed: 54 files in 22625ms
ago. 20, 2026 10:35:39 PM com.hvs.webstore.back.infra.media.DetectionLogger printSummary
INFO: === Detection Summary (ENDING) ===
Total files:      0
Detected:         0
Failed:           0
Avg confidence:   0,000
Total time (ms):  0

ago. 20, 2026 10:35:39 PM com.hvs.webstore.back.infra.media.ChromaprintEndingDetector detectEndingPrecomputed
INFO: Ending detection (precomputed) completed: 54 files in 78807ms
ago. 20, 2026 10:36:09 PM com.hvs.webstore.back.infra.media.DetectionLogger printSummary
INFO: === Detection Summary (ENDING) ===
Total files:      0
Detected:         0
Failed:           0
Avg confidence:   0,000
Total time (ms):  0

ago. 20, 2026 10:36:09 PM com.hvs.webstore.back.infra.media.ChromaprintEndingDetector detectEndingPrecomputed
INFO: Ending detection (precomputed) completed: 50 files in 27708ms
ago. 20, 2026 10:36:54 PM com.hvs.webstore.back.infra.media.DetectionLogger printSummary
INFO: === Detection Summary (INTRO) ===
Total files:      0
Detected:         0
Failed:           0
Avg confidence:   0,000
Total time (ms):  0

ago. 20, 2026 10:36:54 PM com.hvs.webstore.back.infra.media.ChromaprintIntroDetector detectIntroPrecomputed
INFO: Intro detection (precomputed) completed: 50 files in 72510ms
ago. 20, 2026 10:38:03 PM com.hvs.webstore.back.infra.media.DetectionLogger printSummary
INFO: === Detection Summary (ENDING) ===
Total files:      0
Detected:         0
Failed:           0
Avg confidence:   0,000
Total time (ms):  0

ago. 20, 2026 10:38:03 PM com.hvs.webstore.back.infra.media.ChromaprintEndingDetector detectEndingPrecomputed
INFO: Ending detection (precomputed) completed: 48 files in 67866ms
ago. 20, 2026 10:38:49 PM com.hvs.webstore.back.infra.media.DetectionLogger printSummary
INFO: === Detection Summary (INTRO) ===
Total files:      0
Detected:         0
Failed:           0
Avg confidence:   0,000
Total time (ms):  0

ago. 20, 2026 10:38:49 PM com.hvs.webstore.back.infra.media.ChromaprintIntroDetector detectIntroPrecomputed
INFO: Intro detection (precomputed) completed: 48 files in 113574ms
ago. 20, 2026 10:40:56 PM com.hvs.webstore.back.infra.media.DetectionLogger printSummary
INFO: === Detection Summary (INTRO) ===
Total files:      0
Detected:         0
Failed:           0
Avg confidence:   0,000
Total time (ms):  0

ago. 20, 2026 10:40:56 PM com.hvs.webstore.back.infra.media.ChromaprintIntroDetector detectIntroPrecomputed
INFO: Intro detection (precomputed) completed: 30 files in 125915ms
ago. 20, 2026 10:41:08 PM com.hvs.webstore.back.infra.media.DetectionLogger printSummary
INFO: === Detection Summary (ENDING) ===
Total files:      0
Detected:         0
Failed:           0
Avg confidence:   0,000
Total time (ms):  0

ago. 20, 2026 10:41:08 PM com.hvs.webstore.back.infra.media.ChromaprintEndingDetector detectEndingPrecomputed
INFO: Ending detection (precomputed) completed: 30 files in 137657ms
ago. 20, 2026 10:44:11 PM com.hvs.webstore.back.infra.media.DetectionLogger printSummary
INFO: === Detection Summary (INTRO) ===
Total files:      0
Detected:         0
Failed:           0
Avg confidence:   0,000
Total time (ms):  0

ago. 20, 2026 10:44:11 PM com.hvs.webstore.back.infra.media.ChromaprintIntroDetector detectIntroPrecomputed
INFO: Intro detection (precomputed) completed: 24 files in 182877ms
ago. 20, 2026 10:44:34 PM com.hvs.webstore.back.infra.media.DetectionLogger printSummary
INFO: === Detection Summary (ENDING) ===
Total files:      0
Detected:         0
Failed:           0
Avg confidence:   0,000
Total time (ms):  0

ago. 20, 2026 10:44:34 PM com.hvs.webstore.back.infra.media.ChromaprintEndingDetector detectEndingPrecomputed
INFO: Ending detection (precomputed) completed: 24 files in 205662ms
ago. 20, 2026 10:45:34 PM com.hvs.webstore.back.infra.media.DetectionLogger printSummary
INFO: === Detection Summary (INTRO) ===
Total files:      0
Detected:         0
Failed:           0
Avg confidence:   0,000
Total time (ms):  0

ago. 20, 2026 10:45:34 PM com.hvs.webstore.back.infra.media.ChromaprintIntroDetector detectIntroPrecomputed
INFO: Intro detection (precomputed) completed: 11 files in 59082ms
ago. 20, 2026 10:46:00 PM com.hvs.webstore.back.infra.media.DetectionLogger printSummary
INFO: === Detection Summary (ENDING) ===
Total files:      0
Detected:         0
Failed:           0
Avg confidence:   0,000
Total time (ms):  0

ago. 20, 2026 10:46:00 PM com.hvs.webstore.back.infra.media.ChromaprintEndingDetector detectEndingPrecomputed
INFO: Ending detection (precomputed) completed: 11 files in 85360ms
ago. 20, 2026 11:02:30 PM com.hvs.webstore.back.infra.media.DetectionLogger printSummary
INFO: === Detection Summary (INTRO) ===
Total files:      0
Detected:         0
Failed:           0
Avg confidence:   0,000
Total time (ms):  0

ago. 20, 2026 11:02:30 PM com.hvs.webstore.back.infra.media.ChromaprintIntroDetector detectIntroPrecomputed
INFO: Intro detection (precomputed) completed: 20 files in 986742ms
ago. 20, 2026 11:05:57 PM com.hvs.webstore.back.infra.media.DetectionLogger printSummary
INFO: === Detection Summary (ENDING) ===
Total files:      0
Detected:         0
Failed:           0
Avg confidence:   0,000
Total time (ms):  0

ago. 20, 2026 11:05:57 PM com.hvs.webstore.back.infra.media.ChromaprintEndingDetector detectEndingPrecomputed
INFO: Ending detection (precomputed) completed: 20 files in 1194152ms
ago. 20, 2026 11:06:13 PM com.hvs.webstore.back.infra.media.DetectionLogger printSummary
INFO: === Detection Summary (ENDING) ===
Total files:      0
Detected:         0
Failed:           0
Avg confidence:   0,000
Total time (ms):  0

ago. 20, 2026 11:06:13 PM com.hvs.webstore.back.infra.media.ChromaprintEndingDetector detectEndingPrecomputed
INFO: Ending detection (precomputed) completed: 35 files in 14632ms
ago. 20, 2026 11:07:06 PM com.hvs.webstore.back.infra.media.DetectionLogger printSummary
INFO: === Detection Summary (INTRO) ===
Total files:      0
Detected:         0
Failed:           0
Avg confidence:   0,000
Total time (ms):  0

ago. 20, 2026 11:07:06 PM com.hvs.webstore.back.infra.media.ChromaprintIntroDetector detectIntroPrecomputed
INFO: Intro detection (precomputed) completed: 35 files in 68003ms
ago. 20, 2026 11:08:04 PM com.hvs.webstore.back.infra.media.DetectionLogger printSummary
INFO: === Detection Summary (INTRO) ===
Total files:      0
Detected:         0
Failed:           0
Avg confidence:   0,000
Total time (ms):  0

ago. 20, 2026 11:08:04 PM com.hvs.webstore.back.infra.media.ChromaprintIntroDetector detectIntroPrecomputed
INFO: Intro detection (precomputed) completed: 24 files in 57018ms
ago. 20, 2026 11:10:22 PM com.hvs.webstore.back.infra.media.DetectionLogger printSummary
INFO: === Detection Summary (ENDING) ===
Total files:      0
Detected:         0
Failed:           0
Avg confidence:   0,000
Total time (ms):  0

ago. 20, 2026 11:10:22 PM com.hvs.webstore.back.infra.media.ChromaprintEndingDetector detectEndingPrecomputed
INFO: Ending detection (precomputed) completed: 24 files in 195303ms
ago. 20, 2026 11:11:47 PM com.hvs.webstore.back.infra.media.DetectionLogger printSummary
INFO: === Detection Summary (ENDING) ===
Total files:      0
Detected:         0
Failed:           0
Avg confidence:   0,000
Total time (ms):  0

ago. 20, 2026 11:11:47 PM com.hvs.webstore.back.infra.media.ChromaprintEndingDetector detectEndingPrecomputed
INFO: Ending detection (precomputed) completed: 72 files in 81544ms
ago. 20, 2026 11:14:05 PM com.hvs.webstore.back.infra.media.DetectionLogger printSummary
INFO: === Detection Summary (INTRO) ===
Total files:      0
Detected:         0
Failed:           0
Avg confidence:   0,000
Total time (ms):  0

ago. 20, 2026 11:14:05 PM com.hvs.webstore.back.infra.media.ChromaprintIntroDetector detectIntroPrecomputed
INFO: Intro detection (precomputed) completed: 72 files in 220292ms
ago. 20, 2026 11:14:07 PM com.hvs.webstore.back.infra.media.DetectionLogger printSummary
INFO: === Detection Summary (ENDING) ===
Total files:      0
Detected:         0
Failed:           0
Avg confidence:   0,000
Total time (ms):  0

ago. 20, 2026 11:14:07 PM com.hvs.webstore.back.infra.media.ChromaprintEndingDetector detectEndingPrecomputed
INFO: Ending detection (precomputed) completed: 10 files in 1192ms
ago. 20, 2026 11:14:09 PM com.hvs.webstore.back.infra.media.DetectionLogger printSummary
INFO: === Detection Summary (INTRO) ===
Total files:      0
Detected:         0
Failed:           0
Avg confidence:   0,000
Total time (ms):  0

ago. 20, 2026 11:14:09 PM com.hvs.webstore.back.infra.media.ChromaprintIntroDetector detectIntroPrecomputed
INFO: Intro detection (precomputed) completed: 10 files in 3530ms
ago. 20, 2026 11:14:16 PM com.hvs.webstore.back.infra.media.DetectionLogger printSummary
INFO: === Detection Summary (ENDING) ===
Total files:      0
Detected:         0
Failed:           0
Avg confidence:   0,000
Total time (ms):  0

ago. 20, 2026 11:14:16 PM com.hvs.webstore.back.infra.media.ChromaprintEndingDetector detectEndingPrecomputed
INFO: Ending detection (precomputed) completed: 22 files in 5763ms
ago. 20, 2026 11:14:27 PM com.hvs.webstore.back.infra.media.DetectionLogger printSummary
INFO: === Detection Summary (INTRO) ===
Total files:      0
Detected:         0
Failed:           0
Avg confidence:   0,000
Total time (ms):  0

ago. 20, 2026 11:14:27 PM com.hvs.webstore.back.infra.media.ChromaprintIntroDetector detectIntroPrecomputed
INFO: Intro detection (precomputed) completed: 22 files in 16695ms
ago. 20, 2026 11:15:06 PM com.hvs.webstore.back.infra.media.DetectionLogger printSummary
INFO: === Detection Summary (ENDING) ===
Total files:      0
Detected:         0
Failed:           0
Avg confidence:   0,000
Total time (ms):  0

ago. 20, 2026 11:15:06 PM com.hvs.webstore.back.infra.media.ChromaprintEndingDetector detectEndingPrecomputed
INFO: Ending detection (precomputed) completed: 55 files in 37124ms
ago. 20, 2026 11:16:34 PM com.hvs.webstore.back.infra.media.DetectionLogger printSummary
INFO: === Detection Summary (INTRO) ===
Total files:      0
Detected:         0
Failed:           0
Avg confidence:   0,000
Total time (ms):  0

ago. 20, 2026 11:16:34 PM com.hvs.webstore.back.infra.media.ChromaprintIntroDetector detectIntroPrecomputed
INFO: Intro detection (precomputed) completed: 55 files in 126003ms
ago. 20, 2026 11:16:35 PM com.hvs.webstore.back.infra.media.DetectionLogger printSummary
INFO: === Detection Summary (ENDING) ===
Total files:      0
Detected:         0
Failed:           0
Avg confidence:   0,000
Total time (ms):  0

ago. 20, 2026 11:16:35 PM com.hvs.webstore.back.infra.media.ChromaprintEndingDetector detectEndingPrecomputed
INFO: Ending detection (precomputed) completed: 5 files in 326ms
ago. 20, 2026 11:16:36 PM com.hvs.webstore.back.infra.media.DetectionLogger printSummary
INFO: === Detection Summary (INTRO) ===
Total files:      0
Detected:         0
Failed:           0
Avg confidence:   0,000
Total time (ms):  0

ago. 20, 2026 11:16:36 PM com.hvs.webstore.back.infra.media.ChromaprintIntroDetector detectIntroPrecomputed
INFO: Intro detection (precomputed) completed: 5 files in 951ms
ago. 20, 2026 11:18:19 PM com.hvs.webstore.back.infra.media.DetectionLogger printSummary
INFO: === Detection Summary (ENDING) ===
Total files:      0
Detected:         0
Failed:           0
Avg confidence:   0,000
Total time (ms):  0

ago. 20, 2026 11:18:19 PM com.hvs.webstore.back.infra.media.ChromaprintEndingDetector detectEndingPrecomputed
INFO: Ending detection (precomputed) completed: 92 files in 100330ms
ago. 20, 2026 11:22:08 PM com.hvs.webstore.back.infra.media.DetectionLogger printSummary
INFO: === Detection Summary (INTRO) ===
Total files:      0
Detected:         0
Failed:           0
Avg confidence:   0,000
Total time (ms):  0

ago. 20, 2026 11:22:08 PM com.hvs.webstore.back.infra.media.ChromaprintIntroDetector detectIntroPrecomputed
INFO: Intro detection (precomputed) completed: 92 files in 329284ms
ago. 20, 2026 11:27:45 PM com.hvs.webstore.back.infra.media.DetectionLogger printSummary
INFO: === Detection Summary (INTRO) ===
Total files:      0
Detected:         0
Failed:           0
Avg confidence:   0,000
Total time (ms):  0

ago. 20, 2026 11:27:45 PM com.hvs.webstore.back.infra.media.ChromaprintIntroDetector detectIntroPrecomputed
INFO: Intro detection (precomputed) completed: 64 files in 334838ms
ago. 20, 2026 11:33:21 PM com.hvs.webstore.back.infra.media.DetectionLogger printSummary
INFO: === Detection Summary (ENDING) ===
Total files:      0
Detected:         0
Failed:           0
Avg confidence:   0,000
Total time (ms):  0

ago. 20, 2026 11:33:21 PM com.hvs.webstore.back.infra.media.ChromaprintEndingDetector detectEndingPrecomputed
INFO: Ending detection (precomputed) completed: 64 files in 671287ms
ago. 20, 2026 11:34:18 PM com.hvs.webstore.back.infra.media.DetectionLogger printSummary
INFO: === Detection Summary (INTRO) ===
Total files:      0
Detected:         0
Failed:           0
Avg confidence:   0,000
Total time (ms):  0

ago. 20, 2026 11:34:18 PM com.hvs.webstore.back.infra.media.ChromaprintIntroDetector detectIntroPrecomputed
INFO: Intro detection (precomputed) completed: 11 files in 56502ms
ago. 20, 2026 11:34:42 PM com.hvs.webstore.back.infra.media.DetectionLogger printSummary
INFO: === Detection Summary (ENDING) ===
Total files:      0
Detected:         0
Failed:           0
Avg confidence:   0,000
Total time (ms):  0

ago. 20, 2026 11:34:42 PM com.hvs.webstore.back.infra.media.ChromaprintEndingDetector detectEndingPrecomputed
INFO: Ending detection (precomputed) completed: 11 files in 79925ms
ago. 20, 2026 11:34:42 PM com.hvs.webstore.back.infra.media.DetectionLogger printSummary
INFO: === Detection Summary (ENDING) ===
Total files:      0
Detected:         0
Failed:           0
Avg confidence:   0,000
Total time (ms):  0

ago. 20, 2026 11:34:42 PM com.hvs.webstore.back.infra.media.ChromaprintEndingDetector detectEndingPrecomputed
INFO: Ending detection (precomputed) completed: 2 files in 340ms
ago. 20, 2026 11:34:47 PM com.hvs.webstore.back.infra.media.DetectionLogger printSummary
INFO: === Detection Summary (INTRO) ===
Total files:      0
Detected:         0
Failed:           0
Avg confidence:   0,000
Total time (ms):  0

ago. 20, 2026 11:34:47 PM com.hvs.webstore.back.infra.media.ChromaprintIntroDetector detectIntroPrecomputed
INFO: Intro detection (precomputed) completed: 2 files in 4463ms
ago. 20, 2026 11:35:52 PM com.hvs.webstore.back.infra.media.DetectionLogger printSummary
INFO: === Detection Summary (INTRO) ===
Total files:      0
Detected:         0
Failed:           0
Avg confidence:   0,000
Total time (ms):  0

ago. 20, 2026 11:35:52 PM com.hvs.webstore.back.infra.media.ChromaprintIntroDetector detectIntroPrecomputed
INFO: Intro detection (precomputed) completed: 10 files in 65180ms
ago. 20, 2026 11:36:42 PM com.hvs.webstore.back.infra.media.DetectionLogger printSummary
INFO: === Detection Summary (ENDING) ===
Total files:      0
Detected:         0
Failed:           0
Avg confidence:   0,000
Total time (ms):  0

ago. 20, 2026 11:36:42 PM com.hvs.webstore.back.infra.media.ChromaprintEndingDetector detectEndingPrecomputed
INFO: Ending detection (precomputed) completed: 10 files in 114561ms
ago. 20, 2026 11:39:14 PM com.hvs.webstore.back.infra.media.DetectionLogger printSummary
INFO: === Detection Summary (INTRO) ===
Total files:      0
Detected:         0
Failed:           0
Avg confidence:   0,000
Total time (ms):  0

ago. 20, 2026 11:39:14 PM com.hvs.webstore.back.infra.media.ChromaprintIntroDetector detectIntroPrecomputed
INFO: Intro detection (precomputed) completed: 148 files in 147244ms
ago. 20, 2026 11:46:39 PM com.hvs.webstore.back.infra.media.DetectionLogger printSummary
INFO: === Detection Summary (ENDING) ===
Total files:      0
Detected:         0
Failed:           0
Avg confidence:   0,000
Total time (ms):  0

ago. 20, 2026 11:46:39 PM com.hvs.webstore.back.infra.media.ChromaprintEndingDetector detectEndingPrecomputed
INFO: Ending detection (precomputed) completed: 148 files in 592285ms
ago. 20, 2026 11:59:57 PM com.hvs.webstore.back.infra.media.DetectionLogger printSummary
INFO: === Detection Summary (ENDING) ===
Total files:      0
Detected:         0
Failed:           0
Avg confidence:   0,000
Total time (ms):  0

ago. 20, 2026 11:59:57 PM com.hvs.webstore.back.infra.media.ChromaprintEndingDetector detectEndingPrecomputed
INFO: Ending detection (precomputed) completed: 167 files in 793151ms
ago. 21, 2026 12:00:50 AM com.hvs.webstore.back.infra.media.DetectionLogger printSummary
INFO: === Detection Summary (INTRO) ===
Total files:      0
Detected:         0
Failed:           0
Avg confidence:   0,000
Total time (ms):  0

ago. 21, 2026 12:00:50 AM com.hvs.webstore.back.infra.media.ChromaprintIntroDetector detectIntroPrecomputed
INFO: Intro detection (precomputed) completed: 167 files in 845336ms
ago. 21, 2026 12:00:51 AM com.hvs.webstore.back.infra.media.DetectionLogger printSummary
INFO: === Detection Summary (ENDING) ===
Total files:      0
Detected:         0
Failed:           0
Avg confidence:   0,000
Total time (ms):  0

ago. 21, 2026 12:00:51 AM com.hvs.webstore.back.infra.media.ChromaprintEndingDetector detectEndingPrecomputed
INFO: Ending detection (precomputed) completed: 10 files in 746ms
ago. 21, 2026 12:01:04 AM com.hvs.webstore.back.infra.media.DetectionLogger printSummary
INFO: === Detection Summary (INTRO) ===
Total files:      0
Detected:         0
Failed:           0
Avg confidence:   0,000
Total time (ms):  0

ago. 21, 2026 12:01:04 AM com.hvs.webstore.back.infra.media.ChromaprintIntroDetector detectIntroPrecomputed
INFO: Intro detection (precomputed) completed: 10 files in 13624ms
ago. 21, 2026 12:01:23 AM com.hvs.webstore.back.infra.media.DetectionLogger printSummary
INFO: === Detection Summary (INTRO) ===
Total files:      0
Detected:         0
Failed:           0
Avg confidence:   0,000
Total time (ms):  0

ago. 21, 2026 12:01:23 AM com.hvs.webstore.back.infra.media.ChromaprintIntroDetector detectIntroPrecomputed
INFO: Intro detection (precomputed) completed: 25 files in 18773ms
ago. 21, 2026 12:01:56 AM com.hvs.webstore.back.infra.media.DetectionLogger printSummary
INFO: === Detection Summary (ENDING) ===
Total files:      0
Detected:         0
Failed:           0
Avg confidence:   0,000
Total time (ms):  0

ago. 21, 2026 12:01:56 AM com.hvs.webstore.back.infra.media.ChromaprintEndingDetector detectEndingPrecomputed
INFO: Ending detection (precomputed) completed: 25 files in 51355ms
ago. 21, 2026 12:02:09 AM com.hvs.webstore.back.infra.media.DetectionLogger printSummary
INFO: === Detection Summary (INTRO) ===
Total files:      0
Detected:         0
Failed:           0
Avg confidence:   0,000
Total time (ms):  0

ago. 21, 2026 12:02:09 AM com.hvs.webstore.back.infra.media.ChromaprintIntroDetector detectIntroPrecomputed
INFO: Intro detection (precomputed) completed: 35 files in 12127ms
ago. 21, 2026 12:02:32 AM com.hvs.webstore.back.infra.media.DetectionLogger printSummary
INFO: === Detection Summary (ENDING) ===
Total files:      0
Detected:         0
Failed:           0
Avg confidence:   0,000
Total time (ms):  0

ago. 21, 2026 12:02:32 AM com.hvs.webstore.back.infra.media.ChromaprintEndingDetector detectEndingPrecomputed
INFO: Ending detection (precomputed) completed: 35 files in 35201ms
ago. 21, 2026 12:02:51 AM com.hvs.webstore.back.infra.media.DetectionLogger printSummary
INFO: === Detection Summary (INTRO) ===
Total files:      0
Detected:         0
Failed:           0
Avg confidence:   0,000
Total time (ms):  0

ago. 21, 2026 12:02:51 AM com.hvs.webstore.back.infra.media.ChromaprintIntroDetector detectIntroPrecomputed
INFO: Intro detection (precomputed) completed: 9 files in 18001ms
ago. 21, 2026 12:03:18 AM com.hvs.webstore.back.infra.media.DetectionLogger printSummary
INFO: === Detection Summary (ENDING) ===
Total files:      0
Detected:         0
Failed:           0
Avg confidence:   0,000
Total time (ms):  0

ago. 21, 2026 12:03:18 AM com.hvs.webstore.back.infra.media.ChromaprintEndingDetector detectEndingPrecomputed
INFO: Ending detection (precomputed) completed: 9 files in 44865ms
ago. 21, 2026 12:05:05 AM com.hvs.webstore.back.infra.media.DetectionLogger printSummary
INFO: === Detection Summary (ENDING) ===
Total files:      0
Detected:         0
Failed:           0
Avg confidence:   0,000
Total time (ms):  0

ago. 21, 2026 12:05:05 AM com.hvs.webstore.back.infra.media.ChromaprintEndingDetector detectEndingPrecomputed
INFO: Ending detection (precomputed) completed: 17 files in 107129ms
ago. 21, 2026 12:05:21 AM com.hvs.webstore.back.infra.media.DetectionLogger printSummary
INFO: === Detection Summary (INTRO) ===
Total files:      0
Detected:         0
Failed:           0
Avg confidence:   0,000
Total time (ms):  0

ago. 21, 2026 12:05:21 AM com.hvs.webstore.back.infra.media.ChromaprintIntroDetector detectIntroPrecomputed
INFO: Intro detection (precomputed) completed: 17 files in 122367ms
ago. 21, 2026 12:06:33 AM com.hvs.webstore.back.infra.media.DetectionLogger printSummary
INFO: === Detection Summary (INTRO) ===
Total files:      0
Detected:         0
Failed:           0
Avg confidence:   0,000
Total time (ms):  0

ago. 21, 2026 12:06:33 AM com.hvs.webstore.back.infra.media.ChromaprintIntroDetector detectIntroPrecomputed
INFO: Intro detection (precomputed) completed: 24 files in 71648ms
ago. 21, 2026 12:06:59 AM com.hvs.webstore.back.infra.media.DetectionLogger printSummary
INFO: === Detection Summary (ENDING) ===
Total files:      0
Detected:         0
Failed:           0
Avg confidence:   0,000
Total time (ms):  0

ago. 21, 2026 12:06:59 AM com.hvs.webstore.back.infra.media.ChromaprintEndingDetector detectEndingPrecomputed
INFO: Ending detection (precomputed) completed: 24 files in 97581ms
ago. 21, 2026 12:08:12 AM com.hvs.webstore.back.infra.media.DetectionLogger printSummary
INFO: === Detection Summary (INTRO) ===
Total files:      0
Detected:         0
Failed:           0
Avg confidence:   0,000
Total time (ms):  0

ago. 21, 2026 12:08:12 AM com.hvs.webstore.back.infra.media.ChromaprintIntroDetector detectIntroPrecomputed
INFO: Intro detection (precomputed) completed: 24 files in 71695ms
ago. 21, 2026 12:10:52 AM com.hvs.webstore.back.infra.media.DetectionLogger printSummary
INFO: === Detection Summary (ENDING) ===
Total files:      0
Detected:         0
Failed:           0
Avg confidence:   0,000
Total time (ms):  0

ago. 21, 2026 12:10:52 AM com.hvs.webstore.back.infra.media.ChromaprintEndingDetector detectEndingPrecomputed
INFO: Ending detection (precomputed) completed: 24 files in 231722ms
ago. 21, 2026 12:12:35 AM com.hvs.webstore.back.infra.media.DetectionLogger printSummary
INFO: === Detection Summary (ENDING) ===
Total files:      0
Detected:         0
Failed:           0
Avg confidence:   0,000
Total time (ms):  0

ago. 21, 2026 12:12:35 AM com.hvs.webstore.back.infra.media.ChromaprintEndingDetector detectEndingPrecomputed
INFO: Ending detection (precomputed) completed: 39 files in 101437ms
ago. 21, 2026 12:14:18 AM com.hvs.webstore.back.infra.media.DetectionLogger printSummary
INFO: === Detection Summary (INTRO) ===
Total files:      0
Detected:         0
Failed:           0
Avg confidence:   0,000
Total time (ms):  0

ago. 21, 2026 12:14:18 AM com.hvs.webstore.back.infra.media.ChromaprintIntroDetector detectIntroPrecomputed
INFO: Intro detection (precomputed) completed: 39 files in 204537ms
ago. 21, 2026 12:16:44 AM com.hvs.webstore.back.infra.media.DetectionLogger printSummary
INFO: === Detection Summary (INTRO) ===
Total files:      0
Detected:         0
Failed:           0
Avg confidence:   0,000
Total time (ms):  0

ago. 21, 2026 12:16:44 AM com.hvs.webstore.back.infra.media.ChromaprintIntroDetector detectIntroPrecomputed
INFO: Intro detection (precomputed) completed: 39 files in 144617ms
ago. 21, 2026 12:19:45 AM com.hvs.webstore.back.infra.media.DetectionLogger printSummary
INFO: === Detection Summary (ENDING) ===
Total files:      0
Detected:         0
Failed:           0
Avg confidence:   0,000
Total time (ms):  0

ago. 21, 2026 12:19:45 AM com.hvs.webstore.back.infra.media.ChromaprintEndingDetector detectEndingPrecomputed
INFO: Ending detection (precomputed) completed: 39 files in 325611ms
ago. 21, 2026 12:21:35 AM com.hvs.webstore.back.infra.media.DetectionLogger printSummary
INFO: === Detection Summary (INTRO) ===
Total files:      0
Detected:         0
Failed:           0
Avg confidence:   0,000
Total time (ms):  0

ago. 21, 2026 12:21:35 AM com.hvs.webstore.back.infra.media.ChromaprintIntroDetector detectIntroPrecomputed
INFO: Intro detection (precomputed) completed: 24 files in 109802ms
ago. 21, 2026 12:22:40 AM com.hvs.webstore.back.infra.media.DetectionLogger printSummary
INFO: === Detection Summary (ENDING) ===
Total files:      0
Detected:         0
Failed:           0
Avg confidence:   0,000
Total time (ms):  0

ago. 21, 2026 12:22:40 AM com.hvs.webstore.back.infra.media.ChromaprintEndingDetector detectEndingPrecomputed
INFO: Ending detection (precomputed) completed: 24 files in 174572ms
ago. 21, 2026 12:24:19 AM com.hvs.webstore.back.infra.media.DetectionLogger printSummary
INFO: === Detection Summary (ENDING) ===
Total files:      0
Detected:         0
Failed:           0
Avg confidence:   0,000
Total time (ms):  0

ago. 21, 2026 12:24:19 AM com.hvs.webstore.back.infra.media.ChromaprintEndingDetector detectEndingPrecomputed
INFO: Ending detection (precomputed) completed: 227 files in 90949ms
ago. 21, 2026 12:24:40 AM com.hvs.webstore.back.infra.media.DetectionLogger printSummary
INFO: === Detection Summary (INTRO) ===
Total files:      0
Detected:         0
Failed:           0
Avg confidence:   0,000
Total time (ms):  0

ago. 21, 2026 12:24:40 AM com.hvs.webstore.back.infra.media.ChromaprintIntroDetector detectIntroPrecomputed
INFO: Intro detection (precomputed) completed: 227 files in 112368ms
ago. 21, 2026 12:26:02 AM com.hvs.webstore.back.infra.media.DetectionLogger printSummary
INFO: === Detection Summary (ENDING) ===
Total files:      0
Detected:         0
Failed:           0
Avg confidence:   0,000
Total time (ms):  0

ago. 21, 2026 12:26:02 AM com.hvs.webstore.back.infra.media.ChromaprintEndingDetector detectEndingPrecomputed
INFO: Ending detection (precomputed) completed: 52 files in 79744ms
ago. 21, 2026 12:26:12 AM com.hvs.webstore.back.infra.media.DetectionLogger printSummary
INFO: === Detection Summary (INTRO) ===
Total files:      0
Detected:         0
Failed:           0
Avg confidence:   0,000
Total time (ms):  0

ago. 21, 2026 12:26:12 AM com.hvs.webstore.back.infra.media.ChromaprintIntroDetector detectIntroPrecomputed
INFO: Intro detection (precomputed) completed: 52 files in 89602ms
ago. 21, 2026 12:29:32 AM com.hvs.webstore.back.infra.media.DetectionLogger printSummary
INFO: === Detection Summary (ENDING) ===
Total files:      0
Detected:         0
Failed:           0
Avg confidence:   0,000
Total time (ms):  0

ago. 21, 2026 12:29:32 AM com.hvs.webstore.back.infra.media.ChromaprintEndingDetector detectEndingPrecomputed
INFO: Ending detection (precomputed) completed: 24 files in 199335ms
ago. 21, 2026 12:29:47 AM com.hvs.webstore.back.infra.media.DetectionLogger printSummary
INFO: === Detection Summary (INTRO) ===
Total files:      0
Detected:         0
Failed:           0
Avg confidence:   0,000
Total time (ms):  0

ago. 21, 2026 12:29:47 AM com.hvs.webstore.back.infra.media.ChromaprintIntroDetector detectIntroPrecomputed
INFO: Intro detection (precomputed) completed: 24 files in 214668ms
ago. 21, 2026 12:30:38 AM com.hvs.webstore.back.infra.media.DetectionLogger printSummary
INFO: === Detection Summary (INTRO) ===
Total files:      0
Detected:         0
Failed:           0
Avg confidence:   0,000
Total time (ms):  0

ago. 21, 2026 12:30:38 AM com.hvs.webstore.back.infra.media.ChromaprintIntroDetector detectIntroPrecomputed
INFO: Intro detection (precomputed) completed: 26 files in 49566ms
ago. 21, 2026 12:35:17 AM com.hvs.webstore.back.infra.media.DetectionLogger printSummary
INFO: === Detection Summary (ENDING) ===
Total files:      0
Detected:         0
Failed:           0
Avg confidence:   0,000
Total time (ms):  0

ago. 21, 2026 12:35:17 AM com.hvs.webstore.back.infra.media.ChromaprintEndingDetector detectEndingPrecomputed
INFO: Ending detection (precomputed) completed: 26 files in 328965ms
ago. 21, 2026 1:03:29 AM com.hvs.webstore.back.infra.media.DetectionLogger printSummary
INFO: === Detection Summary (INTRO) ===
Total files:      0
Detected:         0
Failed:           0
Avg confidence:   0,000
Total time (ms):  0

ago. 21, 2026 1:03:29 AM com.hvs.webstore.back.infra.media.ChromaprintIntroDetector detectIntroPrecomputed
INFO: Intro detection (precomputed) completed: 625 files in 1670672ms
ago. 21, 2026 1:25:37 AM com.hvs.webstore.back.infra.media.DetectionLogger printSummary
INFO: === Detection Summary (ENDING) ===
Total files:      0
Detected:         0
Failed:           0
Avg confidence:   0,000
Total time (ms):  0

ago. 21, 2026 1:25:37 AM com.hvs.webstore.back.infra.media.ChromaprintEndingDetector detectEndingPrecomputed
INFO: Ending detection (precomputed) completed: 625 files in 2997836ms
ago. 21, 2026 1:29:53 AM com.hvs.webstore.back.infra.media.DetectionLogger printSummary
INFO: === Detection Summary (INTRO) ===
Total files:      0
Detected:         0
Failed:           0
Avg confidence:   0,000
Total time (ms):  0

ago. 21, 2026 1:29:53 AM com.hvs.webstore.back.infra.media.ChromaprintIntroDetector detectIntroPrecomputed
INFO: Intro detection (precomputed) completed: 12 files in 252767ms
ago. 21, 2026 1:32:57 AM com.hvs.webstore.back.infra.media.DetectionLogger printSummary
INFO: === Detection Summary (ENDING) ===
Total files:      0
Detected:         0
Failed:           0
Avg confidence:   0,000
Total time (ms):  0

ago. 21, 2026 1:32:57 AM com.hvs.webstore.back.infra.media.ChromaprintEndingDetector detectEndingPrecomputed
INFO: Ending detection (precomputed) completed: 12 files in 436795ms
ago. 21, 2026 1:33:53 AM com.hvs.webstore.back.infra.media.DetectionLogger printSummary
INFO: === Detection Summary (INTRO) ===
Total files:      0
Detected:         0
Failed:           0
Avg confidence:   0,000
Total time (ms):  0

ago. 21, 2026 1:33:53 AM com.hvs.webstore.back.infra.media.ChromaprintIntroDetector detectIntroPrecomputed
INFO: Intro detection (precomputed) completed: 12 files in 55577ms
ago. 21, 2026 1:34:19 AM com.hvs.webstore.back.infra.media.DetectionLogger printSummary
INFO: === Detection Summary (ENDING) ===
Total files:      0
Detected:         0
Failed:           0
Avg confidence:   0,000
Total time (ms):  0

ago. 21, 2026 1:34:19 AM com.hvs.webstore.back.infra.media.ChromaprintEndingDetector detectEndingPrecomputed
INFO: Ending detection (precomputed) completed: 12 files in 81788ms
ago. 21, 2026 1:35:19 AM com.hvs.webstore.back.infra.media.DetectionLogger printSummary
INFO: === Detection Summary (INTRO) ===
Total files:      0
Detected:         0
Failed:           0
Avg confidence:   0,000
Total time (ms):  0

ago. 21, 2026 1:35:19 AM com.hvs.webstore.back.infra.media.ChromaprintIntroDetector detectIntroPrecomputed
INFO: Intro detection (precomputed) completed: 12 files in 59688ms
ago. 21, 2026 1:36:56 AM com.hvs.webstore.back.infra.media.DetectionLogger printSummary
INFO: === Detection Summary (ENDING) ===
Total files:      0
Detected:         0
Failed:           0
Avg confidence:   0,000
Total time (ms):  0

ago. 21, 2026 1:36:56 AM com.hvs.webstore.back.infra.media.ChromaprintEndingDetector detectEndingPrecomputed
INFO: Ending detection (precomputed) completed: 12 files in 155935ms
ago. 21, 2026 1:38:52 AM com.hvs.webstore.back.infra.media.DetectionLogger printSummary
INFO: === Detection Summary (INTRO) ===
Total files:      0
Detected:         0
Failed:           0
Avg confidence:   0,000
Total time (ms):  0

ago. 21, 2026 1:38:52 AM com.hvs.webstore.back.infra.media.ChromaprintIntroDetector detectIntroPrecomputed
INFO: Intro detection (precomputed) completed: 13 files in 115450ms
ago. 21, 2026 1:39:45 AM com.hvs.webstore.back.infra.media.DetectionLogger printSummary
INFO: === Detection Summary (ENDING) ===
Total files:      0
Detected:         0
Failed:           0
Avg confidence:   0,000
Total time (ms):  0

ago. 21, 2026 1:39:45 AM com.hvs.webstore.back.infra.media.ChromaprintEndingDetector detectEndingPrecomputed
INFO: Ending detection (precomputed) completed: 13 files in 168452ms
ago. 21, 2026 1:40:51 AM com.hvs.webstore.back.infra.media.DetectionLogger printSummary
INFO: === Detection Summary (INTRO) ===
Total files:      0
Detected:         0
Failed:           0
Avg confidence:   0,000
Total time (ms):  0

ago. 21, 2026 1:40:51 AM com.hvs.webstore.back.infra.media.ChromaprintIntroDetector detectIntroPrecomputed
INFO: Intro detection (precomputed) completed: 13 files in 65594ms
ago. 21, 2026 1:42:04 AM com.hvs.webstore.back.infra.media.DetectionLogger printSummary
INFO: === Detection Summary (ENDING) ===
Total files:      0
Detected:         0
Failed:           0
Avg confidence:   0,000
Total time (ms):  0

ago. 21, 2026 1:42:04 AM com.hvs.webstore.back.infra.media.ChromaprintEndingDetector detectEndingPrecomputed
INFO: Ending detection (precomputed) completed: 13 files in 138387ms
ago. 21, 2026 1:42:58 AM com.hvs.webstore.back.infra.media.DetectionLogger printSummary
INFO: === Detection Summary (INTRO) ===
Total files:      0
Detected:         0
Failed:           0
Avg confidence:   0,000
Total time (ms):  0

ago. 21, 2026 1:42:58 AM com.hvs.webstore.back.infra.media.ChromaprintIntroDetector detectIntroPrecomputed
INFO: Intro detection (precomputed) completed: 13 files in 53930ms
ago. 21, 2026 1:43:25 AM com.hvs.webstore.back.infra.media.DetectionLogger printSummary
INFO: === Detection Summary (ENDING) ===
Total files:      0
Detected:         0
Failed:           0
Avg confidence:   0,000
Total time (ms):  0

ago. 21, 2026 1:43:25 AM com.hvs.webstore.back.infra.media.ChromaprintEndingDetector detectEndingPrecomputed
INFO: Ending detection (precomputed) completed: 13 files in 80803ms
ago. 21, 2026 1:44:24 AM com.hvs.webstore.back.infra.media.DetectionLogger printSummary
INFO: === Detection Summary (INTRO) ===
Total files:      0
Detected:         0
Failed:           0
Avg confidence:   0,000
Total time (ms):  0

ago. 21, 2026 1:44:24 AM com.hvs.webstore.back.infra.media.ChromaprintIntroDetector detectIntroPrecomputed
INFO: Intro detection (precomputed) completed: 13 files in 58389ms
ago. 21, 2026 1:44:45 AM com.hvs.webstore.back.infra.media.DetectionLogger printSummary
INFO: === Detection Summary (ENDING) ===
Total files:      0
Detected:         0
Failed:           0
Avg confidence:   0,000
Total time (ms):  0

ago. 21, 2026 1:44:45 AM com.hvs.webstore.back.infra.media.ChromaprintEndingDetector detectEndingPrecomputed
INFO: Ending detection (precomputed) completed: 13 files in 79810ms
ago. 21, 2026 1:44:52 AM com.hvs.webstore.back.infra.media.DetectionLogger printSummary
INFO: === Detection Summary (ENDING) ===
Total files:      0
Detected:         0
Failed:           0
Avg confidence:   0,000
Total time (ms):  0

ago. 21, 2026 1:44:52 AM com.hvs.webstore.back.infra.media.ChromaprintEndingDetector detectEndingPrecomputed
INFO: Ending detection (precomputed) completed: 47 files in 4485ms
ago. 21, 2026 1:45:17 AM com.hvs.webstore.back.infra.media.DetectionLogger printSummary
INFO: === Detection Summary (INTRO) ===
Total files:      0
Detected:         0
Failed:           0
Avg confidence:   0,000
Total time (ms):  0

ago. 21, 2026 1:45:17 AM com.hvs.webstore.back.infra.media.ChromaprintIntroDetector detectIntroPrecomputed
INFO: Intro detection (precomputed) completed: 47 files in 29325ms
ago. 21, 2026 1:45:17 AM com.hvs.webstore.back.infra.media.DetectionLogger printSummary
INFO: === Detection Summary (INTRO) ===
Total files:      0
Detected:         0
Failed:           0
Avg confidence:   0,000
Total time (ms):  0

ago. 21, 2026 1:45:17 AM com.hvs.webstore.back.infra.media.ChromaprintIntroDetector detectIntroPrecomputed
INFO: Intro detection (precomputed) completed: 6 files in 77ms
ago. 21, 2026 1:45:17 AM com.hvs.webstore.back.infra.media.DetectionLogger printSummary
INFO: === Detection Summary (ENDING) ===
Total files:      0
Detected:         0
Failed:           0
Avg confidence:   0,000
Total time (ms):  0

ago. 21, 2026 1:45:17 AM com.hvs.webstore.back.infra.media.ChromaprintEndingDetector detectEndingPrecomputed
INFO: Ending detection (precomputed) completed: 6 files in 79ms
ago. 21, 2026 1:45:17 AM com.hvs.webstore.back.infra.media.DetectionLogger printSummary
INFO: === Detection Summary (ENDING) ===
Total files:      0
Detected:         0
Failed:           0
Avg confidence:   0,000
Total time (ms):  0

ago. 21, 2026 1:45:17 AM com.hvs.webstore.back.infra.media.ChromaprintEndingDetector detectEndingPrecomputed
INFO: Ending detection (precomputed) completed: 7 files in 106ms
ago. 21, 2026 1:45:17 AM com.hvs.webstore.back.infra.media.DetectionLogger printSummary
INFO: === Detection Summary (INTRO) ===
Total files:      0
Detected:         0
Failed:           0
Avg confidence:   0,000
Total time (ms):  0

ago. 21, 2026 1:45:17 AM com.hvs.webstore.back.infra.media.ChromaprintIntroDetector detectIntroPrecomputed
INFO: Intro detection (precomputed) completed: 7 files in 119ms
ago. 21, 2026 1:46:02 AM com.hvs.webstore.back.infra.media.DetectionLogger printSummary
INFO: === Detection Summary (ENDING) ===
Total files:      0
Detected:         0
Failed:           0
Avg confidence:   0,000
Total time (ms):  0

ago. 21, 2026 1:46:02 AM com.hvs.webstore.back.infra.media.ChromaprintEndingDetector detectEndingPrecomputed
INFO: Ending detection (precomputed) completed: 197 files in 38225ms
ago. 21, 2026 1:46:18 AM com.hvs.webstore.back.infra.media.DetectionLogger printSummary
INFO: === Detection Summary (INTRO) ===
Total files:      0
Detected:         0
Failed:           0
Avg confidence:   0,000
Total time (ms):  0

ago. 21, 2026 1:46:18 AM com.hvs.webstore.back.infra.media.ChromaprintIntroDetector detectIntroPrecomputed
INFO: Intro detection (precomputed) completed: 197 files in 53983ms
ago. 21, 2026 1:47:34 AM com.hvs.webstore.back.infra.media.DetectionLogger printSummary
INFO: === Detection Summary (ENDING) ===
Total files:      0
Detected:         0
Failed:           0
Avg confidence:   0,000
Total time (ms):  0

ago. 21, 2026 1:47:34 AM com.hvs.webstore.back.infra.media.ChromaprintEndingDetector detectEndingPrecomputed
INFO: Ending detection (precomputed) completed: 82 files in 73369ms
ago. 21, 2026 1:49:50 AM com.hvs.webstore.back.infra.media.DetectionLogger printSummary
INFO: === Detection Summary (INTRO) ===
Total files:      0
Detected:         0
Failed:           0
Avg confidence:   0,000
Total time (ms):  0

ago. 21, 2026 1:49:50 AM com.hvs.webstore.back.infra.media.ChromaprintIntroDetector detectIntroPrecomputed
INFO: Intro detection (precomputed) completed: 82 files in 208821ms
ago. 21, 2026 1:54:13 AM com.hvs.webstore.back.infra.media.DetectionLogger printSummary
INFO: === Detection Summary (INTRO) ===
Total files:      0
Detected:         0
Failed:           0
Avg confidence:   0,000
Total time (ms):  0

ago. 21, 2026 1:54:13 AM com.hvs.webstore.back.infra.media.ChromaprintIntroDetector detectIntroPrecomputed
INFO: Intro detection (precomputed) completed: 36 files in 261972ms
ago. 21, 2026 1:57:34 AM com.hvs.webstore.back.infra.media.DetectionLogger printSummary
INFO: === Detection Summary (ENDING) ===
Total files:      0
Detected:         0
Failed:           0
Avg confidence:   0,000
Total time (ms):  0

ago. 21, 2026 1:57:34 AM com.hvs.webstore.back.infra.media.ChromaprintEndingDetector detectEndingPrecomputed
INFO: Ending detection (precomputed) completed: 36 files in 463498ms
ago. 21, 2026 2:00:47 AM com.hvs.webstore.back.infra.media.DetectionLogger printSummary
INFO: === Detection Summary (INTRO) ===
Total files:      0
Detected:         0
Failed:           0
Avg confidence:   0,000
Total time (ms):  0

ago. 21, 2026 2:00:47 AM com.hvs.webstore.back.infra.media.ChromaprintIntroDetector detectIntroPrecomputed
INFO: Intro detection (precomputed) completed: 52 files in 190868ms
ago. 21, 2026 2:03:48 AM com.hvs.webstore.back.infra.media.DetectionLogger printSummary
INFO: === Detection Summary (ENDING) ===
Total files:      0
Detected:         0
Failed:           0
Avg confidence:   0,000
Total time (ms):  0

ago. 21, 2026 2:03:48 AM com.hvs.webstore.back.infra.media.ChromaprintEndingDetector detectEndingPrecomputed
INFO: Ending detection (precomputed) completed: 52 files in 372153ms
ago. 21, 2026 2:07:49 AM com.hvs.webstore.back.infra.media.DetectionLogger printSummary
INFO: === Detection Summary (INTRO) ===
Total files:      0
Detected:         0
Failed:           0
Avg confidence:   0,000
Total time (ms):  0

ago. 21, 2026 2:07:49 AM com.hvs.webstore.back.infra.media.ChromaprintIntroDetector detectIntroPrecomputed
INFO: Intro detection (precomputed) completed: 65 files in 238261ms
ago. 21, 2026 2:13:13 AM com.hvs.webstore.back.infra.media.DetectionLogger printSummary
INFO: === Detection Summary (ENDING) ===
Total files:      0
Detected:         0
Failed:           0
Avg confidence:   0,000
Total time (ms):  0

ago. 21, 2026 2:13:13 AM com.hvs.webstore.back.infra.media.ChromaprintEndingDetector detectEndingPrecomputed
INFO: Ending detection (precomputed) completed: 65 files in 562493ms
ago. 21, 2026 2:14:46 AM com.hvs.webstore.back.infra.media.DetectionLogger printSummary
INFO: === Detection Summary (ENDING) ===
Total files:      0
Detected:         0
Failed:           0
Avg confidence:   0,000
Total time (ms):  0

ago. 21, 2026 2:14:46 AM com.hvs.webstore.back.infra.media.ChromaprintEndingDetector detectEndingPrecomputed
INFO: Ending detection (precomputed) completed: 25 files in 91466ms
ago. 21, 2026 2:15:17 AM com.hvs.webstore.back.infra.media.DetectionLogger printSummary
INFO: === Detection Summary (INTRO) ===
Total files:      0
Detected:         0
Failed:           0
Avg confidence:   0,000
Total time (ms):  0

ago. 21, 2026 2:15:17 AM com.hvs.webstore.back.infra.media.ChromaprintIntroDetector detectIntroPrecomputed
INFO: Intro detection (precomputed) completed: 25 files in 123135ms
ago. 21, 2026 2:15:45 AM com.hvs.webstore.back.infra.media.DetectionLogger printSummary
INFO: === Detection Summary (INTRO) ===
Total files:      0
Detected:         0
Failed:           0
Avg confidence:   0,000
Total time (ms):  0

ago. 21, 2026 2:15:45 AM com.hvs.webstore.back.infra.media.ChromaprintIntroDetector detectIntroPrecomputed
INFO: Intro detection (precomputed) completed: 13 files in 27267ms
ago. 21, 2026 2:16:23 AM com.hvs.webstore.back.infra.media.DetectionLogger printSummary
INFO: === Detection Summary (ENDING) ===
Total files:      0
Detected:         0
Failed:           0
Avg confidence:   0,000
Total time (ms):  0

ago. 21, 2026 2:16:23 AM com.hvs.webstore.back.infra.media.ChromaprintEndingDetector detectEndingPrecomputed
INFO: Ending detection (precomputed) completed: 13 files in 65481ms
ago. 21, 2026 2:17:51 AM com.hvs.webstore.back.infra.media.DetectionLogger printSummary
INFO: === Detection Summary (INTRO) ===
Total files:      0
Detected:         0
Failed:           0
Avg confidence:   0,000
Total time (ms):  0

ago. 21, 2026 2:17:51 AM com.hvs.webstore.back.infra.media.ChromaprintIntroDetector detectIntroPrecomputed
INFO: Intro detection (precomputed) completed: 12 files in 87010ms
ago. 21, 2026 2:18:04 AM com.hvs.webstore.back.infra.media.DetectionLogger printSummary
INFO: === Detection Summary (ENDING) ===
Total files:      0
Detected:         0
Failed:           0
Avg confidence:   0,000
Total time (ms):  0

ago. 21, 2026 2:18:04 AM com.hvs.webstore.back.infra.media.ChromaprintEndingDetector detectEndingPrecomputed
INFO: Ending detection (precomputed) completed: 12 files in 100060ms
ago. 21, 2026 2:19:03 AM com.hvs.webstore.back.infra.media.DetectionLogger printSummary
INFO: === Detection Summary (INTRO) ===
Total files:      0
Detected:         0
Failed:           0
Avg confidence:   0,000
Total time (ms):  0

ago. 21, 2026 2:19:03 AM com.hvs.webstore.back.infra.media.ChromaprintIntroDetector detectIntroPrecomputed
INFO: Intro detection (precomputed) completed: 5 files in 58035ms
ago. 21, 2026 2:19:33 AM com.hvs.webstore.back.infra.media.DetectionLogger printSummary
INFO: === Detection Summary (ENDING) ===
Total files:      0
Detected:         0
Failed:           0
Avg confidence:   0,000
Total time (ms):  0

ago. 21, 2026 2:19:33 AM com.hvs.webstore.back.infra.media.ChromaprintEndingDetector detectEndingPrecomputed
INFO: Ending detection (precomputed) completed: 5 files in 88142ms
ago. 21, 2026 2:31:13 AM com.hvs.webstore.back.infra.media.DetectionLogger printSummary
INFO: === Detection Summary (INTRO) ===
Total files:      0
Detected:         0
Failed:           0
Avg confidence:   0,000
Total time (ms):  0

ago. 21, 2026 2:31:13 AM com.hvs.webstore.back.infra.media.ChromaprintIntroDetector detectIntroPrecomputed
INFO: Intro detection (precomputed) completed: 15 files in 584101ms
ago. 21, 2026 2:31:59 AM com.hvs.webstore.back.infra.media.DetectionLogger printSummary
INFO: === Detection Summary (ENDING) ===
Total files:      0
Detected:         0
Failed:           0
Avg confidence:   0,000
Total time (ms):  0

ago. 21, 2026 2:31:59 AM com.hvs.webstore.back.infra.media.ChromaprintEndingDetector detectEndingPrecomputed
INFO: Ending detection (precomputed) completed: 15 files in 630137ms
ago. 21, 2026 2:33:30 AM com.hvs.webstore.back.infra.media.DetectionLogger printSummary
INFO: === Detection Summary (INTRO) ===
Total files:      0
Detected:         0
Failed:           0
Avg confidence:   0,000
Total time (ms):  0

ago. 21, 2026 2:33:30 AM com.hvs.webstore.back.infra.media.ChromaprintIntroDetector detectIntroPrecomputed
INFO: Intro detection (precomputed) completed: 12 files in 71297ms
ago. 21, 2026 2:33:49 AM com.hvs.webstore.back.infra.media.DetectionLogger printSummary
INFO: === Detection Summary (ENDING) ===
Total files:      0
Detected:         0
Failed:           0
Avg confidence:   0,000
Total time (ms):  0

ago. 21, 2026 2:33:49 AM com.hvs.webstore.back.infra.media.ChromaprintEndingDetector detectEndingPrecomputed
INFO: Ending detection (precomputed) completed: 12 files in 90338ms
ago. 21, 2026 2:35:56 AM com.hvs.webstore.back.infra.media.DetectionLogger printSummary
INFO: === Detection Summary (ENDING) ===
Total files:      0
Detected:         0
Failed:           0
Avg confidence:   0,000
Total time (ms):  0

ago. 21, 2026 2:35:56 AM com.hvs.webstore.back.infra.media.ChromaprintEndingDetector detectEndingPrecomputed
INFO: Ending detection (precomputed) completed: 10 files in 112621ms
ago. 21, 2026 2:35:58 AM com.hvs.webstore.back.infra.media.DetectionLogger printSummary
INFO: === Detection Summary (INTRO) ===
Total files:      0
Detected:         0
Failed:           0
Avg confidence:   0,000
Total time (ms):  0

ago. 21, 2026 2:35:58 AM com.hvs.webstore.back.infra.media.ChromaprintIntroDetector detectIntroPrecomputed
INFO: Intro detection (precomputed) completed: 10 files in 114916ms
ago. 21, 2026 2:37:47 AM com.hvs.webstore.back.infra.media.DetectionLogger printSummary
INFO: === Detection Summary (INTRO) ===
Total files:      0
Detected:         0
Failed:           0
Avg confidence:   0,000
Total time (ms):  0

ago. 21, 2026 2:37:47 AM com.hvs.webstore.back.infra.media.ChromaprintIntroDetector detectIntroPrecomputed
INFO: Intro detection (precomputed) completed: 46 files in 52758ms
ago. 21, 2026 2:38:53 AM com.hvs.webstore.back.infra.media.DetectionLogger printSummary
INFO: === Detection Summary (ENDING) ===
Total files:      0
Detected:         0
Failed:           0
Avg confidence:   0,000
Total time (ms):  0

ago. 21, 2026 2:38:53 AM com.hvs.webstore.back.infra.media.ChromaprintEndingDetector detectEndingPrecomputed
INFO: Ending detection (precomputed) completed: 46 files in 119464ms
ago. 21, 2026 2:41:03 AM com.hvs.webstore.back.infra.media.DetectionLogger printSummary
INFO: === Detection Summary (INTRO) ===
Total files:      0
Detected:         0
Failed:           0
Avg confidence:   0,000
Total time (ms):  0

ago. 21, 2026 2:41:03 AM com.hvs.webstore.back.infra.media.ChromaprintIntroDetector detectIntroPrecomputed
INFO: Intro detection (precomputed) completed: 43 files in 56183ms
ago. 21, 2026 2:41:22 AM com.hvs.webstore.back.infra.media.DetectionLogger printSummary
INFO: === Detection Summary (ENDING) ===
Total files:      0
Detected:         0
Failed:           0
Avg confidence:   0,000
Total time (ms):  0

ago. 21, 2026 2:41:22 AM com.hvs.webstore.back.infra.media.ChromaprintEndingDetector detectEndingPrecomputed
INFO: Ending detection (precomputed) completed: 43 files in 74695ms
ago. 21, 2026 2:43:20 AM com.hvs.webstore.back.infra.media.DetectionLogger printSummary
INFO: === Detection Summary (INTRO) ===
Total files:      0
Detected:         0
Failed:           0
Avg confidence:   0,000
Total time (ms):  0

ago. 21, 2026 2:43:20 AM com.hvs.webstore.back.infra.media.ChromaprintIntroDetector detectIntroPrecomputed
INFO: Intro detection (precomputed) completed: 38 files in 56293ms
ago. 21, 2026 2:43:40 AM com.hvs.webstore.back.infra.media.DetectionLogger printSummary
INFO: === Detection Summary (ENDING) ===
Total files:      0
Detected:         0
Failed:           0
Avg confidence:   0,000
Total time (ms):  0

ago. 21, 2026 2:43:40 AM com.hvs.webstore.back.infra.media.ChromaprintEndingDetector detectEndingPrecomputed
INFO: Ending detection (precomputed) completed: 38 files in 76175ms
ago. 21, 2026 2:45:13 AM com.hvs.webstore.back.infra.media.DetectionLogger printSummary
INFO: === Detection Summary (INTRO) ===
Total files:      0
Detected:         0
Failed:           0
Avg confidence:   0,000
Total time (ms):  0

ago. 21, 2026 2:45:13 AM com.hvs.webstore.back.infra.media.ChromaprintIntroDetector detectIntroPrecomputed
INFO: Intro detection (precomputed) completed: 39 files in 53725ms
ago. 21, 2026 2:47:11 AM com.hvs.webstore.back.infra.media.DetectionLogger printSummary
INFO: === Detection Summary (ENDING) ===
Total files:      0
Detected:         0
Failed:           0
Avg confidence:   0,000
Total time (ms):  0

ago. 21, 2026 2:47:11 AM com.hvs.webstore.back.infra.media.ChromaprintEndingDetector detectEndingPrecomputed
INFO: Ending detection (precomputed) completed: 39 files in 171048ms
ago. 21, 2026 2:48:59 AM com.hvs.webstore.back.infra.media.DetectionLogger printSummary
INFO: === Detection Summary (INTRO) ===
Total files:      0
Detected:         0
Failed:           0
Avg confidence:   0,000
Total time (ms):  0

ago. 21, 2026 2:48:59 AM com.hvs.webstore.back.infra.media.ChromaprintIntroDetector detectIntroPrecomputed
INFO: Intro detection (precomputed) completed: 34 files in 59553ms
ago. 21, 2026 2:50:13 AM com.hvs.webstore.back.infra.media.DetectionLogger printSummary
INFO: === Detection Summary (ENDING) ===
Total files:      0
Detected:         0
Failed:           0
Avg confidence:   0,000
Total time (ms):  0

ago. 21, 2026 2:50:13 AM com.hvs.webstore.back.infra.media.ChromaprintEndingDetector detectEndingPrecomputed
INFO: Ending detection (precomputed) completed: 34 files in 134003ms
ago. 21, 2026 2:51:39 AM com.hvs.webstore.back.infra.media.DetectionLogger printSummary
INFO: === Detection Summary (INTRO) ===
Total files:      0
Detected:         0
Failed:           0
Avg confidence:   0,000
Total time (ms):  0

ago. 21, 2026 2:51:39 AM com.hvs.webstore.back.infra.media.ChromaprintIntroDetector detectIntroPrecomputed
INFO: Intro detection (precomputed) completed: 35 files in 24812ms
ago. 21, 2026 2:52:31 AM com.hvs.webstore.back.infra.media.DetectionLogger printSummary
INFO: === Detection Summary (ENDING) ===
Total files:      0
Detected:         0
Failed:           0
Avg confidence:   0,000
Total time (ms):  0

ago. 21, 2026 2:52:31 AM com.hvs.webstore.back.infra.media.ChromaprintEndingDetector detectEndingPrecomputed
INFO: Ending detection (precomputed) completed: 35 files in 77113ms
ago. 21, 2026 2:53:05 AM com.hvs.webstore.back.infra.media.DetectionLogger printSummary
INFO: === Detection Summary (INTRO) ===
Total files:      0
Detected:         0
Failed:           0
Avg confidence:   0,000
Total time (ms):  0

ago. 21, 2026 2:53:05 AM com.hvs.webstore.back.infra.media.ChromaprintIntroDetector detectIntroPrecomputed
INFO: Intro detection (precomputed) completed: 11 files in 13299ms
ago. 21, 2026 2:53:07 AM com.hvs.webstore.back.infra.media.DetectionLogger printSummary
INFO: === Detection Summary (ENDING) ===
Total files:      0
Detected:         0
Failed:           0
Avg confidence:   0,000
Total time (ms):  0

ago. 21, 2026 2:53:07 AM com.hvs.webstore.back.infra.media.ChromaprintEndingDetector detectEndingPrecomputed
INFO: Ending detection (precomputed) completed: 11 files in 16006ms
ago. 21, 2026 2:54:08 AM com.hvs.webstore.back.infra.media.DetectionLogger printSummary
INFO: === Detection Summary (INTRO) ===
Total files:      0
Detected:         0
Failed:           0
Avg confidence:   0,000
Total time (ms):  0

ago. 21, 2026 2:54:08 AM com.hvs.webstore.back.infra.media.ChromaprintIntroDetector detectIntroPrecomputed
INFO: Intro detection (precomputed) completed: 24 files in 16258ms
ago. 21, 2026 2:54:18 AM com.hvs.webstore.back.infra.media.DetectionLogger printSummary
INFO: === Detection Summary (ENDING) ===
Total files:      0
Detected:         0
Failed:           0
Avg confidence:   0,000
Total time (ms):  0

ago. 21, 2026 2:54:18 AM com.hvs.webstore.back.infra.media.ChromaprintEndingDetector detectEndingPrecomputed
INFO: Ending detection (precomputed) completed: 24 files in 26529ms
ago. 21, 2026 2:55:28 AM com.hvs.webstore.back.infra.media.DetectionLogger printSummary
INFO: === Detection Summary (INTRO) ===
Total files:      0
Detected:         0
Failed:           0
Avg confidence:   0,000
Total time (ms):  0

ago. 21, 2026 2:55:28 AM com.hvs.webstore.back.infra.media.ChromaprintIntroDetector detectIntroPrecomputed
INFO: Intro detection (precomputed) completed: 13 files in 50705ms
ago. 21, 2026 2:55:48 AM com.hvs.webstore.back.infra.media.DetectionLogger printSummary
INFO: === Detection Summary (ENDING) ===
Total files:      0
Detected:         0
Failed:           0
Avg confidence:   0,000
Total time (ms):  0

ago. 21, 2026 2:55:48 AM com.hvs.webstore.back.infra.media.ChromaprintEndingDetector detectEndingPrecomputed
INFO: Ending detection (precomputed) completed: 13 files in 70897ms
ago. 21, 2026 2:56:41 AM com.hvs.webstore.back.infra.media.DetectionLogger printSummary
INFO: === Detection Summary (INTRO) ===
Total files:      0
Detected:         0
Failed:           0
Avg confidence:   0,000
Total time (ms):  0

ago. 21, 2026 2:56:41 AM com.hvs.webstore.back.infra.media.ChromaprintIntroDetector detectIntroPrecomputed
INFO: Intro detection (precomputed) completed: 13 files in 41573ms
ago. 21, 2026 2:57:01 AM com.hvs.webstore.back.infra.media.DetectionLogger printSummary
INFO: === Detection Summary (ENDING) ===
Total files:      0
Detected:         0
Failed:           0
Avg confidence:   0,000
Total time (ms):  0

ago. 21, 2026 2:57:01 AM com.hvs.webstore.back.infra.media.ChromaprintEndingDetector detectEndingPrecomputed
INFO: Ending detection (precomputed) completed: 13 files in 61312ms
ago. 21, 2026 2:57:55 AM com.hvs.webstore.back.infra.media.DetectionLogger printSummary
INFO: === Detection Summary (INTRO) ===
Total files:      0
Detected:         0
Failed:           0
Avg confidence:   0,000
Total time (ms):  0

ago. 21, 2026 2:57:55 AM com.hvs.webstore.back.infra.media.ChromaprintIntroDetector detectIntroPrecomputed
INFO: Intro detection (precomputed) completed: 13 files in 42116ms
ago. 21, 2026 2:58:15 AM com.hvs.webstore.back.infra.media.DetectionLogger printSummary
INFO: === Detection Summary (ENDING) ===
Total files:      0
Detected:         0
Failed:           0
Avg confidence:   0,000
Total time (ms):  0

ago. 21, 2026 2:58:15 AM com.hvs.webstore.back.infra.media.ChromaprintEndingDetector detectEndingPrecomputed
INFO: Ending detection (precomputed) completed: 13 files in 61475ms
ago. 21, 2026 2:59:11 AM com.hvs.webstore.back.infra.media.DetectionLogger printSummary
INFO: === Detection Summary (INTRO) ===
Total files:      0
Detected:         0
Failed:           0
Avg confidence:   0,000
Total time (ms):  0

ago. 21, 2026 2:59:11 AM com.hvs.webstore.back.infra.media.ChromaprintIntroDetector detectIntroPrecomputed
INFO: Intro detection (precomputed) completed: 13 files in 43694ms
ago. 21, 2026 2:59:29 AM com.hvs.webstore.back.infra.media.DetectionLogger printSummary
INFO: === Detection Summary (ENDING) ===
Total files:      0
Detected:         0
Failed:           0
Avg confidence:   0,000
Total time (ms):  0

ago. 21, 2026 2:59:29 AM com.hvs.webstore.back.infra.media.ChromaprintEndingDetector detectEndingPrecomputed
INFO: Ending detection (precomputed) completed: 13 files in 62304ms
ago. 21, 2026 3:00:35 AM com.hvs.webstore.back.infra.media.DetectionLogger printSummary
INFO: === Detection Summary (INTRO) ===
Total files:      0
Detected:         0
Failed:           0
Avg confidence:   0,000
Total time (ms):  0

ago. 21, 2026 3:00:35 AM com.hvs.webstore.back.infra.media.ChromaprintIntroDetector detectIntroPrecomputed
INFO: Intro detection (precomputed) completed: 10 files in 49296ms
ago. 21, 2026 3:01:52 AM com.hvs.webstore.back.infra.media.DetectionLogger printSummary
INFO: === Detection Summary (ENDING) ===
Total files:      0
Detected:         0
Failed:           0
Avg confidence:   0,000
Total time (ms):  0

ago. 21, 2026 3:01:52 AM com.hvs.webstore.back.infra.media.ChromaprintEndingDetector detectEndingPrecomputed
INFO: Ending detection (precomputed) completed: 10 files in 126105ms
ago. 21, 2026 3:04:44 AM com.hvs.webstore.back.infra.media.DetectionLogger printSummary
INFO: === Detection Summary (INTRO) ===
Total files:      0
Detected:         0
Failed:           0
Avg confidence:   0,000
Total time (ms):  0

ago. 21, 2026 3:04:44 AM com.hvs.webstore.back.infra.media.ChromaprintIntroDetector detectIntroPrecomputed
INFO: Intro detection (precomputed) completed: 39 files in 123570ms
ago. 21, 2026 3:05:38 AM com.hvs.webstore.back.infra.media.DetectionLogger printSummary
INFO: === Detection Summary (ENDING) ===
Total files:      0
Detected:         0
Failed:           0
Avg confidence:   0,000
Total time (ms):  0

ago. 21, 2026 3:05:38 AM com.hvs.webstore.back.infra.media.ChromaprintEndingDetector detectEndingPrecomputed
INFO: Ending detection (precomputed) completed: 39 files in 177795ms
ago. 21, 2026 3:07:58 AM com.hvs.webstore.back.infra.media.DetectionLogger printSummary
INFO: === Detection Summary (INTRO) ===
Total files:      0
Detected:         0
Failed:           0
Avg confidence:   0,000
Total time (ms):  0

ago. 21, 2026 3:07:58 AM com.hvs.webstore.back.infra.media.ChromaprintIntroDetector detectIntroPrecomputed
INFO: Intro detection (precomputed) completed: 27 files in 94298ms
ago. 21, 2026 3:09:33 AM com.hvs.webstore.back.infra.media.DetectionLogger printSummary
INFO: === Detection Summary (ENDING) ===
Total files:      0
Detected:         0
Failed:           0
Avg confidence:   0,000
Total time (ms):  0

ago. 21, 2026 3:09:33 AM com.hvs.webstore.back.infra.media.ChromaprintEndingDetector detectEndingPrecomputed
INFO: Ending detection (precomputed) completed: 27 files in 189456ms
ago. 21, 2026 3:12:06 AM com.hvs.webstore.back.infra.media.DetectionLogger printSummary
INFO: === Detection Summary (INTRO) ===
Total files:      0
Detected:         0
Failed:           0
Avg confidence:   0,000
Total time (ms):  0

ago. 21, 2026 3:12:06 AM com.hvs.webstore.back.infra.media.ChromaprintIntroDetector detectIntroPrecomputed
INFO: Intro detection (precomputed) completed: 35 files in 108188ms
ago. 21, 2026 3:14:28 AM com.hvs.webstore.back.infra.media.DetectionLogger printSummary
INFO: === Detection Summary (ENDING) ===
Total files:      0
Detected:         0
Failed:           0
Avg confidence:   0,000
Total time (ms):  0

ago. 21, 2026 3:14:28 AM com.hvs.webstore.back.infra.media.ChromaprintEndingDetector detectEndingPrecomputed
INFO: Ending detection (precomputed) completed: 35 files in 250005ms
ago. 21, 2026 3:17:34 AM com.hvs.webstore.back.infra.media.DetectionLogger printSummary
INFO: === Detection Summary (INTRO) ===
Total files:      0
Detected:         0
Failed:           0
Avg confidence:   0,000
Total time (ms):  0

ago. 21, 2026 3:17:34 AM com.hvs.webstore.back.infra.media.ChromaprintIntroDetector detectIntroPrecomputed
INFO: Intro detection (precomputed) completed: 32 files in 145066ms
ago. 21, 2026 3:17:57 AM com.hvs.webstore.back.infra.media.DetectionLogger printSummary
INFO: === Detection Summary (ENDING) ===
Total files:      0
Detected:         0
Failed:           0
Avg confidence:   0,000
Total time (ms):  0

ago. 21, 2026 3:17:57 AM com.hvs.webstore.back.infra.media.ChromaprintEndingDetector detectEndingPrecomputed
INFO: Ending detection (precomputed) completed: 32 files in 167296ms
ago. 21, 2026 3:19:10 AM com.hvs.webstore.back.infra.media.DetectionLogger printSummary
INFO: === Detection Summary (INTRO) ===
Total files:      0
Detected:         0
Failed:           0
Avg confidence:   0,000
Total time (ms):  0

ago. 21, 2026 3:19:10 AM com.hvs.webstore.back.infra.media.ChromaprintIntroDetector detectIntroPrecomputed
INFO: Intro detection (precomputed) completed: 13 files in 54927ms
ago. 21, 2026 3:19:36 AM com.hvs.webstore.back.infra.media.DetectionLogger printSummary
INFO: === Detection Summary (ENDING) ===
Total files:      0
Detected:         0
Failed:           0
Avg confidence:   0,000
Total time (ms):  0

ago. 21, 2026 3:19:36 AM com.hvs.webstore.back.infra.media.ChromaprintEndingDetector detectEndingPrecomputed
INFO: Ending detection (precomputed) completed: 13 files in 80868ms
ago. 21, 2026 3:22:25 AM com.hvs.webstore.back.infra.media.DetectionLogger printSummary
INFO: === Detection Summary (ENDING) ===
Total files:      0
Detected:         0
Failed:           0
Avg confidence:   0,000
Total time (ms):  0

ago. 21, 2026 3:22:25 AM com.hvs.webstore.back.infra.media.ChromaprintEndingDetector detectEndingPrecomputed
INFO: Ending detection (precomputed) completed: 38 files in 132110ms
ago. 21, 2026 3:24:19 AM com.hvs.webstore.back.infra.media.DetectionLogger printSummary
INFO: === Detection Summary (INTRO) ===
Total files:      0
Detected:         0
Failed:           0
Avg confidence:   0,000
Total time (ms):  0

ago. 21, 2026 3:24:19 AM com.hvs.webstore.back.infra.media.ChromaprintIntroDetector detectIntroPrecomputed
INFO: Intro detection (precomputed) completed: 38 files in 245969ms
ago. 21, 2026 3:25:31 AM com.hvs.webstore.back.infra.media.DetectionLogger printSummary
INFO: === Detection Summary (INTRO) ===
Total files:      0
Detected:         0
Failed:           0
Avg confidence:   0,000
Total time (ms):  0

ago. 21, 2026 3:25:31 AM com.hvs.webstore.back.infra.media.ChromaprintIntroDetector detectIntroPrecomputed
INFO: Intro detection (precomputed) completed: 12 files in 54604ms
ago. 21, 2026 3:26:01 AM com.hvs.webstore.back.infra.media.DetectionLogger printSummary
INFO: === Detection Summary (ENDING) ===
Total files:      0
Detected:         0
Failed:           0
Avg confidence:   0,000
Total time (ms):  0

ago. 21, 2026 3:26:01 AM com.hvs.webstore.back.infra.media.ChromaprintEndingDetector detectEndingPrecomputed
INFO: Ending detection (precomputed) completed: 12 files in 84718ms
ago. 21, 2026 3:28:04 AM com.hvs.webstore.back.infra.media.DetectionLogger printSummary
INFO: === Detection Summary (ENDING) ===
Total files:      0
Detected:         0
Failed:           0
Avg confidence:   0,000
Total time (ms):  0

ago. 21, 2026 3:28:04 AM com.hvs.webstore.back.infra.media.ChromaprintEndingDetector detectEndingPrecomputed
INFO: Ending detection (precomputed) completed: 13 files in 106284ms
ago. 21, 2026 3:28:08 AM com.hvs.webstore.back.infra.media.DetectionLogger printSummary
INFO: === Detection Summary (INTRO) ===
Total files:      0
Detected:         0
Failed:           0
Avg confidence:   0,000
Total time (ms):  0

ago. 21, 2026 3:28:08 AM com.hvs.webstore.back.infra.media.ChromaprintIntroDetector detectIntroPrecomputed
INFO: Intro detection (precomputed) completed: 13 files in 110105ms
ago. 21, 2026 3:29:25 AM com.hvs.webstore.back.infra.media.DetectionLogger printSummary
INFO: === Detection Summary (INTRO) ===
Total files:      0
Detected:         0
Failed:           0
Avg confidence:   0,000
Total time (ms):  0

ago. 21, 2026 3:29:25 AM com.hvs.webstore.back.infra.media.ChromaprintIntroDetector detectIntroPrecomputed
INFO: Intro detection (precomputed) completed: 12 files in 58136ms
ago. 21, 2026 3:29:53 AM com.hvs.webstore.back.infra.media.DetectionLogger printSummary
INFO: === Detection Summary (ENDING) ===
Total files:      0
Detected:         0
Failed:           0
Avg confidence:   0,000
Total time (ms):  0

ago. 21, 2026 3:29:53 AM com.hvs.webstore.back.infra.media.ChromaprintEndingDetector detectEndingPrecomputed
INFO: Ending detection (precomputed) completed: 12 files in 86781ms
ago. 21, 2026 3:31:27 AM com.hvs.webstore.back.infra.media.DetectionLogger printSummary
INFO: === Detection Summary (INTRO) ===
Total files:      0
Detected:         0
Failed:           0
Avg confidence:   0,000
Total time (ms):  0

ago. 21, 2026 3:31:27 AM com.hvs.webstore.back.infra.media.ChromaprintIntroDetector detectIntroPrecomputed
INFO: Intro detection (precomputed) completed: 24 files in 62331ms
ago. 21, 2026 3:32:38 AM com.hvs.webstore.back.infra.media.DetectionLogger printSummary
INFO: === Detection Summary (ENDING) ===
Total files:      0
Detected:         0
Failed:           0
Avg confidence:   0,000
Total time (ms):  0

ago. 21, 2026 3:32:38 AM com.hvs.webstore.back.infra.media.ChromaprintEndingDetector detectEndingPrecomputed
INFO: Ending detection (precomputed) completed: 24 files in 132996ms
ago. 21, 2026 3:33:48 AM com.hvs.webstore.back.infra.media.DetectionLogger printSummary
INFO: === Detection Summary (INTRO) ===
Total files:      0
Detected:         0
Failed:           0
Avg confidence:   0,000
Total time (ms):  0

ago. 21, 2026 3:33:48 AM com.hvs.webstore.back.infra.media.ChromaprintIntroDetector detectIntroPrecomputed
INFO: Intro detection (precomputed) completed: 12 files in 55793ms
ago. 21, 2026 3:34:12 AM com.hvs.webstore.back.infra.media.DetectionLogger printSummary
INFO: === Detection Summary (ENDING) ===
Total files:      0
Detected:         0
Failed:           0
Avg confidence:   0,000
Total time (ms):  0

ago. 21, 2026 3:34:12 AM com.hvs.webstore.back.infra.media.ChromaprintEndingDetector detectEndingPrecomputed
INFO: Ending detection (precomputed) completed: 12 files in 79934ms
ago. 21, 2026 3:35:22 AM com.hvs.webstore.back.infra.media.DetectionLogger printSummary
INFO: === Detection Summary (INTRO) ===
Total files:      0
Detected:         0
Failed:           0
Avg confidence:   0,000
Total time (ms):  0

ago. 21, 2026 3:35:22 AM com.hvs.webstore.back.infra.media.ChromaprintIntroDetector detectIntroPrecomputed
INFO: Intro detection (precomputed) completed: 11 files in 55914ms
ago. 21, 2026 3:35:44 AM com.hvs.webstore.back.infra.media.DetectionLogger printSummary
INFO: === Detection Summary (ENDING) ===
Total files:      0
Detected:         0
Failed:           0
Avg confidence:   0,000
Total time (ms):  0

ago. 21, 2026 3:35:44 AM com.hvs.webstore.back.infra.media.ChromaprintEndingDetector detectEndingPrecomputed
INFO: Ending detection (precomputed) completed: 11 files in 77620ms
ago. 21, 2026 3:39:41 AM com.hvs.webstore.back.infra.media.DetectionLogger printSummary
INFO: === Detection Summary (INTRO) ===
Total files:      0
Detected:         0
Failed:           0
Avg confidence:   0,000
Total time (ms):  0

ago. 21, 2026 3:39:41 AM com.hvs.webstore.back.infra.media.ChromaprintIntroDetector detectIntroPrecomputed
INFO: Intro detection (precomputed) completed: 29 files in 195059ms
ago. 21, 2026 3:41:17 AM com.hvs.webstore.back.infra.media.DetectionLogger printSummary
INFO: === Detection Summary (ENDING) ===
Total files:      0
Detected:         0
Failed:           0
Avg confidence:   0,000
Total time (ms):  0

ago. 21, 2026 3:41:17 AM com.hvs.webstore.back.infra.media.ChromaprintEndingDetector detectEndingPrecomputed
INFO: Ending detection (precomputed) completed: 29 files in 290694ms
ago. 21, 2026 3:42:40 AM com.hvs.webstore.back.infra.media.DetectionLogger printSummary
INFO: === Detection Summary (INTRO) ===
Total files:      0
Detected:         0
Failed:           0
Avg confidence:   0,000
Total time (ms):  0

ago. 21, 2026 3:42:40 AM com.hvs.webstore.back.infra.media.ChromaprintIntroDetector detectIntroPrecomputed
INFO: Intro detection (precomputed) completed: 14 files in 62683ms
ago. 21, 2026 3:43:06 AM com.hvs.webstore.back.infra.media.DetectionLogger printSummary
INFO: === Detection Summary (ENDING) ===
Total files:      0
Detected:         0
Failed:           0
Avg confidence:   0,000
Total time (ms):  0

ago. 21, 2026 3:43:06 AM com.hvs.webstore.back.infra.media.ChromaprintEndingDetector detectEndingPrecomputed
INFO: Ending detection (precomputed) completed: 14 files in 88739ms
ago. 21, 2026 3:44:09 AM com.hvs.webstore.back.infra.media.DetectionLogger printSummary
INFO: === Detection Summary (INTRO) ===
Total files:      0
Detected:         0
Failed:           0
Avg confidence:   0,000
Total time (ms):  0

ago. 21, 2026 3:44:09 AM com.hvs.webstore.back.infra.media.ChromaprintIntroDetector detectIntroPrecomputed
INFO: Intro detection (precomputed) completed: 11 files in 48247ms
ago. 21, 2026 3:44:32 AM com.hvs.webstore.back.infra.media.DetectionLogger printSummary
INFO: === Detection Summary (ENDING) ===
Total files:      0
Detected:         0
Failed:           0
Avg confidence:   0,000
Total time (ms):  0

ago. 21, 2026 3:44:32 AM com.hvs.webstore.back.infra.media.ChromaprintEndingDetector detectEndingPrecomputed
INFO: Ending detection (precomputed) completed: 11 files in 71804ms
ago. 21, 2026 3:45:51 AM com.hvs.webstore.back.infra.media.DetectionLogger printSummary
INFO: === Detection Summary (INTRO) ===
Total files:      0
Detected:         0
Failed:           0
Avg confidence:   0,000
Total time (ms):  0

ago. 21, 2026 3:45:51 AM com.hvs.webstore.back.infra.media.ChromaprintIntroDetector detectIntroPrecomputed
INFO: Intro detection (precomputed) completed: 14 files in 59917ms
ago. 21, 2026 3:46:16 AM com.hvs.webstore.back.infra.media.DetectionLogger printSummary
INFO: === Detection Summary (ENDING) ===
Total files:      0
Detected:         0
Failed:           0
Avg confidence:   0,000
Total time (ms):  0

ago. 21, 2026 3:46:16 AM com.hvs.webstore.back.infra.media.ChromaprintEndingDetector detectEndingPrecomputed
INFO: Ending detection (precomputed) completed: 14 files in 85216ms
ago. 21, 2026 3:47:18 AM com.hvs.webstore.back.infra.media.DetectionLogger printSummary
INFO: === Detection Summary (INTRO) ===
Total files:      0
Detected:         0
Failed:           0
Avg confidence:   0,000
Total time (ms):  0

ago. 21, 2026 3:47:18 AM com.hvs.webstore.back.infra.media.ChromaprintIntroDetector detectIntroPrecomputed
INFO: Intro detection (precomputed) completed: 3 files in 56234ms
ago. 21, 2026 3:47:49 AM com.hvs.webstore.back.infra.media.DetectionLogger printSummary
INFO: === Detection Summary (ENDING) ===
Total files:      0
Detected:         0
Failed:           0
Avg confidence:   0,000
Total time (ms):  0

ago. 21, 2026 3:47:49 AM com.hvs.webstore.back.infra.media.ChromaprintEndingDetector detectEndingPrecomputed
INFO: Ending detection (precomputed) completed: 3 files in 87215ms
ago. 21, 2026 3:48:53 AM com.hvs.webstore.back.infra.media.DetectionLogger printSummary
INFO: === Detection Summary (INTRO) ===
Total files:      0
Detected:         0
Failed:           0
Avg confidence:   0,000
Total time (ms):  0

ago. 21, 2026 3:48:53 AM com.hvs.webstore.back.infra.media.ChromaprintIntroDetector detectIntroPrecomputed
INFO: Intro detection (precomputed) completed: 7 files in 54804ms
ago. 21, 2026 3:49:23 AM com.hvs.webstore.back.infra.media.DetectionLogger printSummary
INFO: === Detection Summary (ENDING) ===
Total files:      0
Detected:         0
Failed:           0
Avg confidence:   0,000
Total time (ms):  0

ago. 21, 2026 3:49:23 AM com.hvs.webstore.back.infra.media.ChromaprintEndingDetector detectEndingPrecomputed
INFO: Ending detection (precomputed) completed: 7 files in 84105ms
ago. 21, 2026 3:50:41 AM com.hvs.webstore.back.infra.media.DetectionLogger printSummary
INFO: === Detection Summary (INTRO) ===
Total files:      0
Detected:         0
Failed:           0
Avg confidence:   0,000
Total time (ms):  0

ago. 21, 2026 3:50:41 AM com.hvs.webstore.back.infra.media.ChromaprintIntroDetector detectIntroPrecomputed
INFO: Intro detection (precomputed) completed: 13 files in 59469ms
ago. 21, 2026 3:51:05 AM com.hvs.webstore.back.infra.media.DetectionLogger printSummary
INFO: === Detection Summary (ENDING) ===
Total files:      0
Detected:         0
Failed:           0
Avg confidence:   0,000
Total time (ms):  0

ago. 21, 2026 3:51:05 AM com.hvs.webstore.back.infra.media.ChromaprintEndingDetector detectEndingPrecomputed
INFO: Ending detection (precomputed) completed: 13 files in 83500ms
ago. 21, 2026 3:52:14 AM com.hvs.webstore.back.infra.media.DetectionLogger printSummary
INFO: === Detection Summary (INTRO) ===
Total files:      0
Detected:         0
Failed:           0
Avg confidence:   0,000
Total time (ms):  0

ago. 21, 2026 3:52:14 AM com.hvs.webstore.back.infra.media.ChromaprintIntroDetector detectIntroPrecomputed
INFO: Intro detection (precomputed) completed: 7 files in 59724ms
ago. 21, 2026 3:52:45 AM com.hvs.webstore.back.infra.media.DetectionLogger printSummary
INFO: === Detection Summary (ENDING) ===
Total files:      0
Detected:         0
Failed:           0
Avg confidence:   0,000
Total time (ms):  0

ago. 21, 2026 3:52:45 AM com.hvs.webstore.back.infra.media.ChromaprintEndingDetector detectEndingPrecomputed
INFO: Ending detection (precomputed) completed: 7 files in 90446ms
ago. 21, 2026 3:53:52 AM com.hvs.webstore.back.infra.media.DetectionLogger printSummary
INFO: === Detection Summary (INTRO) ===
Total files:      0
Detected:         0
Failed:           0
Avg confidence:   0,000
Total time (ms):  0

ago. 21, 2026 3:53:52 AM com.hvs.webstore.back.infra.media.ChromaprintIntroDetector detectIntroPrecomputed
INFO: Intro detection (precomputed) completed: 4 files in 59178ms
ago. 21, 2026 3:54:26 AM com.hvs.webstore.back.infra.media.DetectionLogger printSummary
INFO: === Detection Summary (ENDING) ===
Total files:      0
Detected:         0
Failed:           0
Avg confidence:   0,000
Total time (ms):  0

ago. 21, 2026 3:54:26 AM com.hvs.webstore.back.infra.media.ChromaprintEndingDetector detectEndingPrecomputed
INFO: Ending detection (precomputed) completed: 4 files in 92660ms
ago. 21, 2026 3:56:23 AM com.hvs.webstore.back.infra.media.DetectionLogger printSummary
INFO: === Detection Summary (INTRO) ===
Total files:      0
Detected:         0
Failed:           0
Avg confidence:   0,000
Total time (ms):  0

ago. 21, 2026 3:56:23 AM com.hvs.webstore.back.infra.media.ChromaprintIntroDetector detectIntroPrecomputed
INFO: Intro detection (precomputed) completed: 6 files in 108946ms
ago. 21, 2026 3:56:24 AM com.hvs.webstore.back.infra.media.DetectionLogger printSummary
INFO: === Detection Summary (ENDING) ===
Total files:      0
Detected:         0
Failed:           0
Avg confidence:   0,000
Total time (ms):  0

ago. 21, 2026 3:56:24 AM com.hvs.webstore.back.infra.media.ChromaprintEndingDetector detectEndingPrecomputed
INFO: Ending detection (precomputed) completed: 6 files in 109430ms
ago. 21, 2026 3:57:36 AM com.hvs.webstore.back.infra.media.DetectionLogger printSummary
INFO: === Detection Summary (INTRO) ===
Total files:      0
Detected:         0
Failed:           0
Avg confidence:   0,000
Total time (ms):  0

ago. 21, 2026 3:57:36 AM com.hvs.webstore.back.infra.media.ChromaprintIntroDetector detectIntroPrecomputed
INFO: Intro detection (precomputed) completed: 5 files in 63270ms
ago. 21, 2026 3:58:10 AM com.hvs.webstore.back.infra.media.DetectionLogger printSummary
INFO: === Detection Summary (ENDING) ===
Total files:      0
Detected:         0
Failed:           0
Avg confidence:   0,000
Total time (ms):  0

ago. 21, 2026 3:58:10 AM com.hvs.webstore.back.infra.media.ChromaprintEndingDetector detectEndingPrecomputed
INFO: Ending detection (precomputed) completed: 5 files in 97894ms
ago. 21, 2026 3:59:28 AM com.hvs.webstore.back.infra.media.DetectionLogger printSummary
INFO: === Detection Summary (INTRO) ===
Total files:      0
Detected:         0
Failed:           0
Avg confidence:   0,000
Total time (ms):  0

ago. 21, 2026 3:59:28 AM com.hvs.webstore.back.infra.media.ChromaprintIntroDetector detectIntroPrecomputed
INFO: Intro detection (precomputed) completed: 7 files in 65475ms
ago. 21, 2026 4:00:01 AM com.hvs.webstore.back.infra.media.DetectionLogger printSummary
INFO: === Detection Summary (ENDING) ===
Total files:      0
Detected:         0
Failed:           0
Avg confidence:   0,000
Total time (ms):  0

ago. 21, 2026 4:00:01 AM com.hvs.webstore.back.infra.media.ChromaprintEndingDetector detectEndingPrecomputed
INFO: Ending detection (precomputed) completed: 7 files in 98352ms
ago. 21, 2026 4:01:14 AM com.hvs.webstore.back.infra.media.DetectionLogger printSummary
INFO: === Detection Summary (INTRO) ===
Total files:      0
Detected:         0
Failed:           0
Avg confidence:   0,000
Total time (ms):  0

ago. 21, 2026 4:01:14 AM com.hvs.webstore.back.infra.media.ChromaprintIntroDetector detectIntroPrecomputed
INFO: Intro detection (precomputed) completed: 6 files in 62757ms
ago. 21, 2026 4:01:47 AM com.hvs.webstore.back.infra.media.DetectionLogger printSummary
INFO: === Detection Summary (ENDING) ===
Total files:      0
Detected:         0
Failed:           0
Avg confidence:   0,000
Total time (ms):  0

ago. 21, 2026 4:01:47 AM com.hvs.webstore.back.infra.media.ChromaprintEndingDetector detectEndingPrecomputed
INFO: Ending detection (precomputed) completed: 6 files in 95445ms
ago. 21, 2026 4:02:47 AM com.hvs.webstore.back.infra.media.DetectionLogger printSummary
INFO: === Detection Summary (INTRO) ===
Total files:      0
Detected:         0
Failed:           0
Avg confidence:   0,000
Total time (ms):  0

ago. 21, 2026 4:02:47 AM com.hvs.webstore.back.infra.media.ChromaprintIntroDetector detectIntroPrecomputed
INFO: Intro detection (precomputed) completed: 12 files in 46389ms
ago. 21, 2026 4:03:55 AM com.hvs.webstore.back.infra.media.DetectionLogger printSummary
INFO: === Detection Summary (ENDING) ===
Total files:      0
Detected:         0
Failed:           0
Avg confidence:   0,000
Total time (ms):  0

ago. 21, 2026 4:03:55 AM com.hvs.webstore.back.infra.media.ChromaprintEndingDetector detectEndingPrecomputed
INFO: Ending detection (precomputed) completed: 12 files in 114071ms
ago. 21, 2026 4:04:58 AM com.hvs.webstore.back.infra.media.DetectionLogger printSummary
INFO: === Detection Summary (INTRO) ===
Total files:      0
Detected:         0
Failed:           0
Avg confidence:   0,000
Total time (ms):  0

ago. 21, 2026 4:04:58 AM com.hvs.webstore.back.infra.media.ChromaprintIntroDetector detectIntroPrecomputed
INFO: Intro detection (precomputed) completed: 11 files in 49016ms
ago. 21, 2026 4:05:22 AM com.hvs.webstore.back.infra.media.DetectionLogger printSummary
INFO: === Detection Summary (ENDING) ===
Total files:      0
Detected:         0
Failed:           0
Avg confidence:   0,000
Total time (ms):  0

ago. 21, 2026 4:05:22 AM com.hvs.webstore.back.infra.media.ChromaprintEndingDetector detectEndingPrecomputed
INFO: Ending detection (precomputed) completed: 11 files in 73375ms
ago. 21, 2026 4:08:04 AM com.hvs.webstore.back.infra.media.DetectionLogger printSummary
INFO: === Detection Summary (ENDING) ===
Total files:      0
Detected:         0
Failed:           0
Avg confidence:   0,000
Total time (ms):  0

ago. 21, 2026 4:08:04 AM com.hvs.webstore.back.infra.media.ChromaprintEndingDetector detectEndingPrecomputed
INFO: Ending detection (precomputed) completed: 65 files in 86758ms
ago. 21, 2026 4:08:20 AM com.hvs.webstore.back.infra.media.DetectionLogger printSummary
INFO: === Detection Summary (INTRO) ===
Total files:      0
Detected:         0
Failed:           0
Avg confidence:   0,000
Total time (ms):  0

ago. 21, 2026 4:08:20 AM com.hvs.webstore.back.infra.media.ChromaprintIntroDetector detectIntroPrecomputed
INFO: Intro detection (precomputed) completed: 65 files in 102752ms
ago. 21, 2026 4:09:28 AM com.hvs.webstore.back.infra.media.DetectionLogger printSummary
INFO: === Detection Summary (INTRO) ===
Total files:      0
Detected:         0
Failed:           0
Avg confidence:   0,000
Total time (ms):  0

ago. 21, 2026 4:09:28 AM com.hvs.webstore.back.infra.media.ChromaprintIntroDetector detectIntroPrecomputed
INFO: Intro detection (precomputed) completed: 13 files in 51570ms
ago. 21, 2026 4:09:50 AM com.hvs.webstore.back.infra.media.DetectionLogger printSummary
INFO: === Detection Summary (ENDING) ===
Total files:      0
Detected:         0
Failed:           0
Avg confidence:   0,000
Total time (ms):  0

ago. 21, 2026 4:09:50 AM com.hvs.webstore.back.infra.media.ChromaprintEndingDetector detectEndingPrecomputed
INFO: Ending detection (precomputed) completed: 13 files in 73252ms
ago. 21, 2026 4:11:32 AM com.hvs.webstore.back.infra.media.DetectionLogger printSummary
INFO: === Detection Summary (INTRO) ===
Total files:      0
Detected:         0
Failed:           0
Avg confidence:   0,000
Total time (ms):  0

ago. 21, 2026 4:11:32 AM com.hvs.webstore.back.infra.media.ChromaprintIntroDetector detectIntroPrecomputed
INFO: Intro detection (precomputed) completed: 20 files in 77845ms
ago. 21, 2026 4:11:39 AM com.hvs.webstore.back.infra.media.DetectionLogger printSummary
INFO: === Detection Summary (ENDING) ===
Total files:      0
Detected:         0
Failed:           0
Avg confidence:   0,000
Total time (ms):  0

ago. 21, 2026 4:11:39 AM com.hvs.webstore.back.infra.media.ChromaprintEndingDetector detectEndingPrecomputed
INFO: Ending detection (precomputed) completed: 20 files in 84403ms
ago. 21, 2026 4:11:43 AM com.hvs.webstore.back.infra.media.DetectionLogger printSummary
INFO: === Detection Summary (ENDING) ===
Total files:      0
Detected:         0
Failed:           0
Avg confidence:   0,000
Total time (ms):  0

ago. 21, 2026 4:11:43 AM com.hvs.webstore.back.infra.media.ChromaprintEndingDetector detectEndingPrecomputed
INFO: Ending detection (precomputed) completed: 2 files in 106ms
ago. 21, 2026 4:11:43 AM com.hvs.webstore.back.infra.media.DetectionLogger printSummary
INFO: === Detection Summary (INTRO) ===
Total files:      0
Detected:         0
Failed:           0
Avg confidence:   0,000
Total time (ms):  0

ago. 21, 2026 4:11:43 AM com.hvs.webstore.back.infra.media.ChromaprintIntroDetector detectIntroPrecomputed
INFO: Intro detection (precomputed) completed: 2 files in 602ms
ago. 21, 2026 4:12:53 AM com.hvs.webstore.back.infra.media.DetectionLogger printSummary
INFO: === Detection Summary (INTRO) ===
Total files:      0
Detected:         0
Failed:           0
Avg confidence:   0,000
Total time (ms):  0

ago. 21, 2026 4:12:53 AM com.hvs.webstore.back.infra.media.ChromaprintIntroDetector detectIntroPrecomputed
INFO: Intro detection (precomputed) completed: 12 files in 54449ms
ago. 21, 2026 4:13:23 AM com.hvs.webstore.back.infra.media.DetectionLogger printSummary
INFO: === Detection Summary (ENDING) ===
Total files:      0
Detected:         0
Failed:           0
Avg confidence:   0,000
Total time (ms):  0

ago. 21, 2026 4:13:23 AM com.hvs.webstore.back.infra.media.ChromaprintEndingDetector detectEndingPrecomputed
INFO: Ending detection (precomputed) completed: 12 files in 84869ms
ago. 21, 2026 4:14:35 AM com.hvs.webstore.back.infra.media.DetectionLogger printSummary
INFO: === Detection Summary (INTRO) ===
Total files:      0
Detected:         0
Failed:           0
Avg confidence:   0,000
Total time (ms):  0

ago. 21, 2026 4:14:35 AM com.hvs.webstore.back.infra.media.ChromaprintIntroDetector detectIntroPrecomputed
INFO: Intro detection (precomputed) completed: 12 files in 58046ms
ago. 21, 2026 4:15:02 AM com.hvs.webstore.back.infra.media.DetectionLogger printSummary
INFO: === Detection Summary (ENDING) ===
Total files:      0
Detected:         0
Failed:           0
Avg confidence:   0,000
Total time (ms):  0

ago. 21, 2026 4:15:02 AM com.hvs.webstore.back.infra.media.ChromaprintEndingDetector detectEndingPrecomputed
INFO: Ending detection (precomputed) completed: 12 files in 84901ms
ago. 21, 2026 4:16:15 AM com.hvs.webstore.back.infra.media.DetectionLogger printSummary
INFO: === Detection Summary (INTRO) ===
Total files:      0
Detected:         0
Failed:           0
Avg confidence:   0,000
Total time (ms):  0

ago. 21, 2026 4:16:15 AM com.hvs.webstore.back.infra.media.ChromaprintIntroDetector detectIntroPrecomputed
INFO: Intro detection (precomputed) completed: 12 files in 58247ms
ago. 21, 2026 4:16:42 AM com.hvs.webstore.back.infra.media.DetectionLogger printSummary
INFO: === Detection Summary (ENDING) ===
Total files:      0
Detected:         0
Failed:           0
Avg confidence:   0,000
Total time (ms):  0

ago. 21, 2026 4:16:42 AM com.hvs.webstore.back.infra.media.ChromaprintEndingDetector detectEndingPrecomputed
INFO: Ending detection (precomputed) completed: 12 files in 85243ms
ago. 21, 2026 4:18:35 AM com.hvs.webstore.back.infra.media.DetectionLogger printSummary
INFO: === Detection Summary (ENDING) ===
Total files:      0
Detected:         0
Failed:           0
Avg confidence:   0,000
Total time (ms):  0

ago. 21, 2026 4:18:35 AM com.hvs.webstore.back.infra.media.ChromaprintEndingDetector detectEndingPrecomputed
INFO: Ending detection (precomputed) completed: 12 files in 99706ms
ago. 21, 2026 4:18:42 AM com.hvs.webstore.back.infra.media.DetectionLogger printSummary
INFO: === Detection Summary (INTRO) ===
Total files:      0
Detected:         0
Failed:           0
Avg confidence:   0,000
Total time (ms):  0

ago. 21, 2026 4:18:42 AM com.hvs.webstore.back.infra.media.ChromaprintIntroDetector detectIntroPrecomputed
INFO: Intro detection (precomputed) completed: 12 files in 106518ms
ago. 21, 2026 4:20:59 AM com.hvs.webstore.back.infra.media.DetectionLogger printSummary
INFO: === Detection Summary (INTRO) ===
Total files:      0
Detected:         0
Failed:           0
Avg confidence:   0,000
Total time (ms):  0

ago. 21, 2026 4:20:59 AM com.hvs.webstore.back.infra.media.ChromaprintIntroDetector detectIntroPrecomputed
INFO: Intro detection (precomputed) completed: 24 files in 108424ms
ago. 21, 2026 4:21:38 AM com.hvs.webstore.back.infra.media.DetectionLogger printSummary
INFO: === Detection Summary (ENDING) ===
Total files:      0
Detected:         0
Failed:           0
Avg confidence:   0,000
Total time (ms):  0

ago. 21, 2026 4:21:38 AM com.hvs.webstore.back.infra.media.ChromaprintEndingDetector detectEndingPrecomputed
INFO: Ending detection (precomputed) completed: 24 files in 147052ms
ago. 21, 2026 4:22:42 AM com.hvs.webstore.back.infra.media.DetectionLogger printSummary
INFO: === Detection Summary (INTRO) ===
Total files:      0
Detected:         0
Failed:           0
Avg confidence:   0,000
Total time (ms):  0

ago. 21, 2026 4:22:42 AM com.hvs.webstore.back.infra.media.ChromaprintIntroDetector detectIntroPrecomputed
INFO: Intro detection (precomputed) completed: 13 files in 48988ms
ago. 21, 2026 4:23:02 AM com.hvs.webstore.back.infra.media.DetectionLogger printSummary
INFO: === Detection Summary (ENDING) ===
Total files:      0
Detected:         0
Failed:           0
Avg confidence:   0,000
Total time (ms):  0

ago. 21, 2026 4:23:02 AM com.hvs.webstore.back.infra.media.ChromaprintEndingDetector detectEndingPrecomputed
INFO: Ending detection (precomputed) completed: 13 files in 68953ms
ago. 21, 2026 4:24:06 AM com.hvs.webstore.back.infra.media.DetectionLogger printSummary
INFO: === Detection Summary (INTRO) ===
Total files:      0
Detected:         0
Failed:           0
Avg confidence:   0,000
Total time (ms):  0

ago. 21, 2026 4:24:06 AM com.hvs.webstore.back.infra.media.ChromaprintIntroDetector detectIntroPrecomputed
INFO: Intro detection (precomputed) completed: 13 files in 48337ms
ago. 21, 2026 4:24:25 AM com.hvs.webstore.back.infra.media.DetectionLogger printSummary
INFO: === Detection Summary (ENDING) ===
Total files:      0
Detected:         0
Failed:           0
Avg confidence:   0,000
Total time (ms):  0

ago. 21, 2026 4:24:25 AM com.hvs.webstore.back.infra.media.ChromaprintEndingDetector detectEndingPrecomputed
INFO: Ending detection (precomputed) completed: 13 files in 68032ms
ago. 21, 2026 4:27:23 AM com.hvs.webstore.back.infra.media.DetectionLogger printSummary
INFO: === Detection Summary (ENDING) ===
Total files:      0
Detected:         0
Failed:           0
Avg confidence:   0,000
Total time (ms):  0

ago. 21, 2026 4:27:23 AM com.hvs.webstore.back.infra.media.ChromaprintEndingDetector detectEndingPrecomputed
INFO: Ending detection (precomputed) completed: 161 files in 71202ms
ago. 21, 2026 4:28:26 AM com.hvs.webstore.back.infra.media.DetectionLogger printSummary
INFO: === Detection Summary (INTRO) ===
Total files:      0
Detected:         0
Failed:           0
Avg confidence:   0,000
Total time (ms):  0

ago. 21, 2026 4:28:26 AM com.hvs.webstore.back.infra.media.ChromaprintIntroDetector detectIntroPrecomputed
INFO: Intro detection (precomputed) completed: 161 files in 134334ms
ago. 21, 2026 4:29:50 AM com.hvs.webstore.back.infra.media.DetectionLogger printSummary
INFO: === Detection Summary (INTRO) ===
Total files:      0
Detected:         0
Failed:           0
Avg confidence:   0,000
Total time (ms):  0

ago. 21, 2026 4:29:50 AM com.hvs.webstore.back.infra.media.ChromaprintIntroDetector detectIntroPrecomputed
INFO: Intro detection (precomputed) completed: 26 files in 53100ms
ago. 21, 2026 4:31:04 AM com.hvs.webstore.back.infra.media.DetectionLogger printSummary
INFO: === Detection Summary (ENDING) ===
Total files:      0
Detected:         0
Failed:           0
Avg confidence:   0,000
Total time (ms):  0

ago. 21, 2026 4:31:04 AM com.hvs.webstore.back.infra.media.ChromaprintEndingDetector detectEndingPrecomputed
INFO: Ending detection (precomputed) completed: 26 files in 126910ms
ago. 21, 2026 4:34:35 AM com.hvs.webstore.back.infra.media.DetectionLogger printSummary
INFO: === Detection Summary (ENDING) ===
Total files:      0
Detected:         0
Failed:           0
Avg confidence:   0,000
Total time (ms):  0

ago. 21, 2026 4:34:35 AM com.hvs.webstore.back.infra.media.ChromaprintEndingDetector detectEndingPrecomputed
INFO: Ending detection (precomputed) completed: 24 files in 143180ms
ago. 21, 2026 4:34:44 AM com.hvs.webstore.back.infra.media.DetectionLogger printSummary
INFO: === Detection Summary (INTRO) ===
Total files:      0
Detected:         0
Failed:           0
Avg confidence:   0,000
Total time (ms):  0

ago. 21, 2026 4:34:44 AM com.hvs.webstore.back.infra.media.ChromaprintIntroDetector detectIntroPrecomputed
INFO: Intro detection (precomputed) completed: 24 files in 153132ms
ago. 21, 2026 4:35:57 AM com.hvs.webstore.back.infra.media.DetectionLogger printSummary
INFO: === Detection Summary (INTRO) ===
Total files:      0
Detected:         0
Failed:           0
Avg confidence:   0,000
Total time (ms):  0

ago. 21, 2026 4:35:57 AM com.hvs.webstore.back.infra.media.ChromaprintIntroDetector detectIntroPrecomputed
INFO: Intro detection (precomputed) completed: 13 files in 57506ms
ago. 21, 2026 4:36:15 AM com.hvs.webstore.back.infra.media.DetectionLogger printSummary
INFO: === Detection Summary (ENDING) ===
Total files:      0
Detected:         0
Failed:           0
Avg confidence:   0,000
Total time (ms):  0

ago. 21, 2026 4:36:15 AM com.hvs.webstore.back.infra.media.ChromaprintEndingDetector detectEndingPrecomputed
INFO: Ending detection (precomputed) completed: 13 files in 75534ms
ago. 21, 2026 4:36:59 AM com.hvs.webstore.back.infra.media.DetectionLogger printSummary
INFO: === Detection Summary (INTRO) ===
Total files:      0
Detected:         0
Failed:           0
Avg confidence:   0,000
Total time (ms):  0

ago. 21, 2026 4:36:59 AM com.hvs.webstore.back.infra.media.ChromaprintIntroDetector detectIntroPrecomputed
INFO: Intro detection (precomputed) completed: 25 files in 23412ms
ago. 21, 2026 4:37:04 AM com.hvs.webstore.back.infra.media.DetectionLogger printSummary
INFO: === Detection Summary (ENDING) ===
Total files:      0
Detected:         0
Failed:           0
Avg confidence:   0,000
Total time (ms):  0

ago. 21, 2026 4:37:04 AM com.hvs.webstore.back.infra.media.ChromaprintEndingDetector detectEndingPrecomputed
INFO: Ending detection (precomputed) completed: 25 files in 28857ms
ago. 21, 2026 4:38:22 AM com.hvs.webstore.back.infra.media.DetectionLogger printSummary
INFO: === Detection Summary (INTRO) ===
Total files:      0
Detected:         0
Failed:           0
Avg confidence:   0,000
Total time (ms):  0

ago. 21, 2026 4:38:22 AM com.hvs.webstore.back.infra.media.ChromaprintIntroDetector detectIntroPrecomputed
INFO: Intro detection (precomputed) completed: 41 files in 43432ms
ago. 21, 2026 4:39:16 AM com.hvs.webstore.back.infra.media.DetectionLogger printSummary
INFO: === Detection Summary (ENDING) ===
Total files:      0
Detected:         0
Failed:           0
Avg confidence:   0,000
Total time (ms):  0

ago. 21, 2026 4:39:16 AM com.hvs.webstore.back.infra.media.ChromaprintEndingDetector detectEndingPrecomputed
INFO: Ending detection (precomputed) completed: 41 files in 97140ms
ago. 21, 2026 4:40:39 AM com.hvs.webstore.back.infra.media.DetectionLogger printSummary
INFO: === Detection Summary (ENDING) ===
Total files:      0
Detected:         0
Failed:           0
Avg confidence:   0,000
Total time (ms):  0

ago. 21, 2026 4:40:39 AM com.hvs.webstore.back.infra.media.ChromaprintEndingDetector detectEndingPrecomputed
INFO: Ending detection (precomputed) completed: 28 files in 60779ms
ago. 21, 2026 4:40:42 AM com.hvs.webstore.back.infra.media.DetectionLogger printSummary
INFO: === Detection Summary (INTRO) ===
Total files:      0
Detected:         0
Failed:           0
Avg confidence:   0,000
Total time (ms):  0

ago. 21, 2026 4:40:42 AM com.hvs.webstore.back.infra.media.ChromaprintIntroDetector detectIntroPrecomputed
INFO: Intro detection (precomputed) completed: 28 files in 63617ms
ago. 21, 2026 4:41:20 AM com.hvs.webstore.back.infra.media.DetectionLogger printSummary
INFO: === Detection Summary (INTRO) ===
Total files:      0
Detected:         0
Failed:           0
Avg confidence:   0,000
Total time (ms):  0

ago. 21, 2026 4:41:20 AM com.hvs.webstore.back.infra.media.ChromaprintIntroDetector detectIntroPrecomputed
INFO: Intro detection (precomputed) completed: 18 files in 22975ms
ago. 21, 2026 4:42:08 AM com.hvs.webstore.back.infra.media.DetectionLogger printSummary
INFO: === Detection Summary (ENDING) ===
Total files:      0
Detected:         0
Failed:           0
Avg confidence:   0,000
Total time (ms):  0

ago. 21, 2026 4:42:08 AM com.hvs.webstore.back.infra.media.ChromaprintEndingDetector detectEndingPrecomputed
INFO: Ending detection (precomputed) completed: 18 files in 70594ms
ago. 21, 2026 4:43:16 AM com.hvs.webstore.back.infra.media.DetectionLogger printSummary
INFO: === Detection Summary (ENDING) ===
Total files:      0
Detected:         0
Failed:           0
Avg confidence:   0,000
Total time (ms):  0

ago. 21, 2026 4:43:16 AM com.hvs.webstore.back.infra.media.ChromaprintEndingDetector detectEndingPrecomputed
INFO: Ending detection (precomputed) completed: 49 files in 18679ms
ago. 21, 2026 4:43:31 AM com.hvs.webstore.back.infra.media.DetectionLogger printSummary
INFO: === Detection Summary (INTRO) ===
Total files:      0
Detected:         0
Failed:           0
Avg confidence:   0,000
Total time (ms):  0

ago. 21, 2026 4:43:31 AM com.hvs.webstore.back.infra.media.ChromaprintIntroDetector detectIntroPrecomputed
INFO: Intro detection (precomputed) completed: 49 files in 34300ms
ago. 21, 2026 4:45:13 AM com.hvs.webstore.back.infra.media.DetectionLogger printSummary
INFO: === Detection Summary (INTRO) ===
Total files:      0
Detected:         0
Failed:           0
Avg confidence:   0,000
Total time (ms):  0

ago. 21, 2026 4:45:13 AM com.hvs.webstore.back.infra.media.ChromaprintIntroDetector detectIntroPrecomputed
INFO: Intro detection (precomputed) completed: 48 files in 53011ms
ago. 21, 2026 4:45:25 AM com.hvs.webstore.back.infra.media.DetectionLogger printSummary
INFO: === Detection Summary (ENDING) ===
Total files:      0
Detected:         0
Failed:           0
Avg confidence:   0,000
Total time (ms):  0

ago. 21, 2026 4:45:25 AM com.hvs.webstore.back.infra.media.ChromaprintEndingDetector detectEndingPrecomputed
INFO: Ending detection (precomputed) completed: 48 files in 65258ms
ago. 21, 2026 4:46:08 AM com.hvs.webstore.back.infra.media.DetectionLogger printSummary
INFO: === Detection Summary (INTRO) ===
Total files:      0
Detected:         0
Failed:           0
Avg confidence:   0,000
Total time (ms):  0

ago. 21, 2026 4:46:08 AM com.hvs.webstore.back.infra.media.ChromaprintIntroDetector detectIntroPrecomputed
INFO: Intro detection (precomputed) completed: 24 files in 16858ms
ago. 21, 2026 4:46:10 AM com.hvs.webstore.back.infra.media.DetectionLogger printSummary
INFO: === Detection Summary (ENDING) ===
Total files:      0
Detected:         0
Failed:           0
Avg confidence:   0,000
Total time (ms):  0

ago. 21, 2026 4:46:10 AM com.hvs.webstore.back.infra.media.ChromaprintEndingDetector detectEndingPrecomputed
INFO: Ending detection (precomputed) completed: 24 files in 19168ms
ago. 21, 2026 4:46:54 AM com.hvs.webstore.back.infra.media.DetectionLogger printSummary
INFO: === Detection Summary (INTRO) ===
Total files:      0
Detected:         0
Failed:           0
Avg confidence:   0,000
Total time (ms):  0

ago. 21, 2026 4:46:54 AM com.hvs.webstore.back.infra.media.ChromaprintIntroDetector detectIntroPrecomputed
INFO: Intro detection (precomputed) completed: 26 files in 18155ms
ago. 21, 2026 4:47:39 AM com.hvs.webstore.back.infra.media.DetectionLogger printSummary
INFO: === Detection Summary (ENDING) ===
Total files:      0
Detected:         0
Failed:           0
Avg confidence:   0,000
Total time (ms):  0

ago. 21, 2026 4:47:39 AM com.hvs.webstore.back.infra.media.ChromaprintEndingDetector detectEndingPrecomputed
INFO: Ending detection (precomputed) completed: 26 files in 63416ms
ago. 21, 2026 4:48:10 AM com.hvs.webstore.back.infra.media.DetectionLogger printSummary
INFO: === Detection Summary (INTRO) ===
Total files:      0
Detected:         0
Failed:           0
Avg confidence:   0,000
Total time (ms):  0

ago. 21, 2026 4:48:10 AM com.hvs.webstore.back.infra.media.ChromaprintIntroDetector detectIntroPrecomputed
INFO: Intro detection (precomputed) completed: 14 files in 15349ms
ago. 21, 2026 4:48:29 AM com.hvs.webstore.back.infra.media.DetectionLogger printSummary
INFO: === Detection Summary (ENDING) ===
Total files:      0
Detected:         0
Failed:           0
Avg confidence:   0,000
Total time (ms):  0

ago. 21, 2026 4:48:29 AM com.hvs.webstore.back.infra.media.ChromaprintEndingDetector detectEndingPrecomputed
INFO: Ending detection (precomputed) completed: 14 files in 34516ms
ago. 21, 2026 4:49:12 AM com.hvs.webstore.back.infra.media.DetectionLogger printSummary
INFO: === Detection Summary (INTRO) ===
Total files:      0
Detected:         0
Failed:           0
Avg confidence:   0,000
Total time (ms):  0

ago. 21, 2026 4:49:12 AM com.hvs.webstore.back.infra.media.ChromaprintIntroDetector detectIntroPrecomputed
INFO: Intro detection (precomputed) completed: 23 files in 19606ms
ago. 21, 2026 4:50:10 AM com.hvs.webstore.back.infra.media.DetectionLogger printSummary
INFO: === Detection Summary (ENDING) ===
Total files:      0
Detected:         0
Failed:           0
Avg confidence:   0,000
Total time (ms):  0

ago. 21, 2026 4:50:10 AM com.hvs.webstore.back.infra.media.ChromaprintEndingDetector detectEndingPrecomputed
INFO: Ending detection (precomputed) completed: 23 files in 78221ms
ago. 21, 2026 4:51:01 AM com.hvs.webstore.back.infra.media.DetectionLogger printSummary
INFO: === Detection Summary (INTRO) ===
Total files:      0
Detected:         0
Failed:           0
Avg confidence:   0,000
Total time (ms):  0

ago. 21, 2026 4:51:01 AM com.hvs.webstore.back.infra.media.ChromaprintIntroDetector detectIntroPrecomputed
INFO: Intro detection (precomputed) completed: 40 files in 11781ms
ago. 21, 2026 4:52:14 AM com.hvs.webstore.back.infra.media.DetectionLogger printSummary
INFO: === Detection Summary (ENDING) ===
Total files:      0
Detected:         0
Failed:           0
Avg confidence:   0,000
Total time (ms):  0

ago. 21, 2026 4:52:14 AM com.hvs.webstore.back.infra.media.ChromaprintEndingDetector detectEndingPrecomputed
INFO: Ending detection (precomputed) completed: 40 files in 85267ms
ago. 21, 2026 11:52:53 AM com.hvs.webstore.back.infra.media.DetectionLogger printSummary
INFO: === Detection Summary (INTRO) ===
Total files:      0
Detected:         0
Failed:           0
Avg confidence:   0,000
Total time (ms):  0

ago. 21, 2026 11:52:54 AM com.hvs.webstore.back.infra.media.ChromaprintIntroDetector detectIntroPrecomputed
INFO: Intro detection (precomputed) completed: 13 files in 30632ms
ago. 21, 2026 11:53:32 AM com.hvs.webstore.back.infra.media.DetectionLogger printSummary
INFO: === Detection Summary (ENDING) ===
Total files:      0
Detected:         0
Failed:           0
Avg confidence:   0,000
Total time (ms):  0

ago. 21, 2026 11:53:32 AM com.hvs.webstore.back.infra.media.ChromaprintEndingDetector detectEndingPrecomputed
INFO: Ending detection (precomputed) completed: 13 files in 69645ms
ago. 21, 2026 11:54:54 AM com.hvs.webstore.back.infra.media.DetectionLogger printSummary
INFO: === Detection Summary (ENDING) ===
Total files:      0
Detected:         0
Failed:           0
Avg confidence:   0,000
Total time (ms):  0

ago. 21, 2026 11:54:54 AM com.hvs.webstore.back.infra.media.ChromaprintEndingDetector detectEndingPrecomputed
INFO: Ending detection (precomputed) completed: 103 files in 50416ms
ago. 21, 2026 11:55:31 AM com.hvs.webstore.back.infra.media.DetectionLogger printSummary
INFO: === Detection Summary (INTRO) ===
Total files:      0
Detected:         0
Failed:           0
Avg confidence:   0,000
Total time (ms):  0

ago. 21, 2026 11:55:31 AM com.hvs.webstore.back.infra.media.ChromaprintIntroDetector detectIntroPrecomputed
INFO: Intro detection (precomputed) completed: 103 files in 87562ms
ago. 21, 2026 11:56:37 AM com.hvs.webstore.back.infra.media.DetectionLogger printSummary
INFO: === Detection Summary (INTRO) ===
Total files:      0
Detected:         0
Failed:           0
Avg confidence:   0,000
Total time (ms):  0

ago. 21, 2026 11:56:37 AM com.hvs.webstore.back.infra.media.ChromaprintIntroDetector detectIntroPrecomputed
INFO: Intro detection (precomputed) completed: 3 files in 1096ms
ago. 21, 2026 11:57:27 AM com.hvs.webstore.back.infra.media.DetectionLogger printSummary
INFO: === Detection Summary (ENDING) ===
Total files:      0
Detected:         0
Failed:           0
Avg confidence:   0,000
Total time (ms):  0

ago. 21, 2026 11:57:27 AM com.hvs.webstore.back.infra.media.ChromaprintEndingDetector detectEndingPrecomputed
INFO: Ending detection (precomputed) completed: 3 files in 50617ms
ago. 21, 2026 11:58:35 AM com.hvs.webstore.back.infra.media.DetectionLogger printSummary
INFO: === Detection Summary (INTRO) ===
Total files:      0
Detected:         0
Failed:           0
Avg confidence:   0,000
Total time (ms):  0

ago. 21, 2026 11:58:35 AM com.hvs.webstore.back.infra.media.ChromaprintIntroDetector detectIntroPrecomputed
INFO: Intro detection (precomputed) completed: 12 files in 61954ms
ago. 21, 2026 11:59:03 AM com.hvs.webstore.back.infra.media.DetectionLogger printSummary
INFO: === Detection Summary (ENDING) ===
Total files:      0
Detected:         0
Failed:           0
Avg confidence:   0,000
Total time (ms):  0

ago. 21, 2026 11:59:03 AM com.hvs.webstore.back.infra.media.ChromaprintEndingDetector detectEndingPrecomputed
INFO: Ending detection (precomputed) completed: 12 files in 89915ms
ago. 21, 2026 11:59:46 AM com.hvs.webstore.back.infra.media.DetectionLogger printSummary
INFO: === Detection Summary (INTRO) ===
Total files:      0
Detected:         0
Failed:           0
Avg confidence:   0,000
Total time (ms):  0

ago. 21, 2026 11:59:46 AM com.hvs.webstore.back.infra.media.ChromaprintIntroDetector detectIntroPrecomputed
INFO: Intro detection (precomputed) completed: 12 files in 17659ms
ago. 21, 2026 12:00:21 PM com.hvs.webstore.back.infra.media.DetectionLogger printSummary
INFO: === Detection Summary (ENDING) ===
Total files:      0
Detected:         0
Failed:           0
Avg confidence:   0,000
Total time (ms):  0

ago. 21, 2026 12:00:21 PM com.hvs.webstore.back.infra.media.ChromaprintEndingDetector detectEndingPrecomputed
INFO: Ending detection (precomputed) completed: 12 files in 52530ms
ago. 21, 2026 12:02:48 PM com.hvs.webstore.back.infra.media.DetectionLogger printSummary
INFO: === Detection Summary (INTRO) ===
Total files:      0
Detected:         0
Failed:           0
Avg confidence:   0,000
Total time (ms):  0

ago. 21, 2026 12:02:48 PM com.hvs.webstore.back.infra.media.ChromaprintIntroDetector detectIntroPrecomputed
INFO: Intro detection (precomputed) completed: 28 files in 102758ms
ago. 21, 2026 12:05:03 PM com.hvs.webstore.back.infra.media.DetectionLogger printSummary
INFO: === Detection Summary (ENDING) ===
Total files:      0
Detected:         0
Failed:           0
Avg confidence:   0,000
Total time (ms):  0

ago. 21, 2026 12:05:03 PM com.hvs.webstore.back.infra.media.ChromaprintEndingDetector detectEndingPrecomputed
INFO: Ending detection (precomputed) completed: 28 files in 237785ms
ago. 21, 2026 12:10:49 PM com.hvs.webstore.back.infra.media.DetectionLogger printSummary
INFO: === Detection Summary (INTRO) ===
Total files:      0
Detected:         0
Failed:           0
Avg confidence:   0,000
Total time (ms):  0

ago. 21, 2026 12:10:49 PM com.hvs.webstore.back.infra.media.ChromaprintIntroDetector detectIntroPrecomputed
INFO: Intro detection (precomputed) completed: 11 files in 242090ms
ago. 21, 2026 12:17:34 PM com.hvs.webstore.back.infra.media.DetectionLogger printSummary
INFO: === Detection Summary (ENDING) ===
Total files:      0
Detected:         0
Failed:           0
Avg confidence:   0,000
Total time (ms):  0

ago. 21, 2026 12:17:34 PM com.hvs.webstore.back.infra.media.ChromaprintEndingDetector detectEndingPrecomputed
INFO: Ending detection (precomputed) completed: 11 files in 647892ms
ago. 21, 2026 12:19:54 PM com.hvs.webstore.back.infra.media.DetectionLogger printSummary
INFO: === Detection Summary (INTRO) ===
Total files:      0
Detected:         0
Failed:           0
Avg confidence:   0,000
Total time (ms):  0

ago. 21, 2026 12:19:54 PM com.hvs.webstore.back.infra.media.ChromaprintIntroDetector detectIntroPrecomputed
INFO: Intro detection (precomputed) completed: 26 files in 61176ms
ago. 21, 2026 12:21:10 PM com.hvs.webstore.back.infra.media.DetectionLogger printSummary
INFO: === Detection Summary (ENDING) ===
Total files:      0
Detected:         0
Failed:           0
Avg confidence:   0,000
Total time (ms):  0

ago. 21, 2026 12:21:10 PM com.hvs.webstore.back.infra.media.ChromaprintEndingDetector detectEndingPrecomputed
INFO: Ending detection (precomputed) completed: 26 files in 137559ms
ago. 21, 2026 12:24:34 PM com.hvs.webstore.back.infra.media.DetectionLogger printSummary
INFO: === Detection Summary (ENDING) ===
Total files:      0
Detected:         0
Failed:           0
Avg confidence:   0,000
Total time (ms):  0

ago. 21, 2026 12:24:34 PM com.hvs.webstore.back.infra.media.ChromaprintEndingDetector detectEndingPrecomputed
INFO: Ending detection (precomputed) completed: 26 files in 87307ms
ago. 21, 2026 12:24:44 PM com.hvs.webstore.back.infra.media.DetectionLogger printSummary
INFO: === Detection Summary (INTRO) ===
Total files:      0
Detected:         0
Failed:           0
Avg confidence:   0,000
Total time (ms):  0

ago. 21, 2026 12:24:44 PM com.hvs.webstore.back.infra.media.ChromaprintIntroDetector detectIntroPrecomputed
INFO: Intro detection (precomputed) completed: 26 files in 97649ms
ago. 21, 2026 12:27:19 PM com.hvs.webstore.back.infra.media.DetectionLogger printSummary
INFO: === Detection Summary (INTRO) ===
Total files:      0
Detected:         0
Failed:           0
Avg confidence:   0,000
Total time (ms):  0

ago. 21, 2026 12:27:19 PM com.hvs.webstore.back.infra.media.ChromaprintIntroDetector detectIntroPrecomputed
INFO: Intro detection (precomputed) completed: 7 files in 52234ms
ago. 21, 2026 12:27:43 PM com.hvs.webstore.back.infra.media.DetectionLogger printSummary
INFO: === Detection Summary (ENDING) ===
Total files:      0
Detected:         0
Failed:           0
Avg confidence:   0,000
Total time (ms):  0

ago. 21, 2026 12:27:43 PM com.hvs.webstore.back.infra.media.ChromaprintEndingDetector detectEndingPrecomputed
INFO: Ending detection (precomputed) completed: 7 files in 76390ms
ago. 21, 2026 12:29:02 PM com.hvs.webstore.back.infra.media.DetectionLogger printSummary
INFO: === Detection Summary (INTRO) ===
Total files:      0
Detected:         0
Failed:           0
Avg confidence:   0,000
Total time (ms):  0

ago. 21, 2026 12:29:02 PM com.hvs.webstore.back.infra.media.ChromaprintIntroDetector detectIntroPrecomputed
INFO: Intro detection (precomputed) completed: 11 files in 59663ms
ago. 21, 2026 12:30:20 PM com.hvs.webstore.back.infra.media.DetectionLogger printSummary
INFO: === Detection Summary (ENDING) ===
Total files:      0
Detected:         0
Failed:           0
Avg confidence:   0,000
Total time (ms):  0

ago. 21, 2026 12:30:20 PM com.hvs.webstore.back.infra.media.ChromaprintEndingDetector detectEndingPrecomputed
INFO: Ending detection (precomputed) completed: 11 files in 137654ms
ago. 21, 2026 12:32:10 PM com.hvs.webstore.back.infra.media.DetectionLogger printSummary
INFO: === Detection Summary (INTRO) ===
Total files:      0
Detected:         0
Failed:           0
Avg confidence:   0,000
Total time (ms):  0

ago. 21, 2026 12:32:10 PM com.hvs.webstore.back.infra.media.ChromaprintIntroDetector detectIntroPrecomputed
INFO: Intro detection (precomputed) completed: 11 files in 61179ms
ago. 21, 2026 12:32:34 PM com.hvs.webstore.back.infra.media.DetectionLogger printSummary
INFO: === Detection Summary (ENDING) ===
Total files:      0
Detected:         0
Failed:           0
Avg confidence:   0,000
Total time (ms):  0

ago. 21, 2026 12:32:34 PM com.hvs.webstore.back.infra.media.ChromaprintEndingDetector detectEndingPrecomputed
INFO: Ending detection (precomputed) completed: 11 files in 84636ms
ago. 21, 2026 12:41:28 PM com.hvs.webstore.back.infra.media.DetectionLogger printSummary
INFO: === Detection Summary (ENDING) ===
Total files:      0
Detected:         0
Failed:           0
Avg confidence:   0,000
Total time (ms):  0

ago. 21, 2026 12:41:28 PM com.hvs.webstore.back.infra.media.ChromaprintEndingDetector detectEndingPrecomputed
INFO: Ending detection (precomputed) completed: 8 files in 480396ms
ago. 21, 2026 12:41:58 PM com.hvs.webstore.back.infra.media.DetectionLogger printSummary
INFO: === Detection Summary (INTRO) ===
Total files:      0
Detected:         0
Failed:           0
Avg confidence:   0,000
Total time (ms):  0

ago. 21, 2026 12:41:58 PM com.hvs.webstore.back.infra.media.ChromaprintIntroDetector detectIntroPrecomputed
INFO: Intro detection (precomputed) completed: 8 files in 510520ms
ago. 21, 2026 12:42:55 PM com.hvs.webstore.back.infra.media.DetectionLogger printSummary
INFO: === Detection Summary (INTRO) ===
Total files:      0
Detected:         0
Failed:           0
Avg confidence:   0,000
Total time (ms):  0

ago. 21, 2026 12:42:55 PM com.hvs.webstore.back.infra.media.ChromaprintIntroDetector detectIntroPrecomputed
INFO: Intro detection (precomputed) completed: 54 files in 22486ms
ago. 21, 2026 12:43:49 PM com.hvs.webstore.back.infra.media.DetectionLogger printSummary
INFO: === Detection Summary (ENDING) ===
Total files:      0
Detected:         0
Failed:           0
Avg confidence:   0,000
Total time (ms):  0

ago. 21, 2026 12:43:49 PM com.hvs.webstore.back.infra.media.ChromaprintEndingDetector detectEndingPrecomputed
INFO: Ending detection (precomputed) completed: 54 files in 76483ms
ago. 21, 2026 12:47:17 PM com.hvs.webstore.back.infra.media.DetectionLogger printSummary
INFO: === Detection Summary (ENDING) ===
Total files:      0
Detected:         0
Failed:           0
Avg confidence:   0,000
Total time (ms):  0

ago. 21, 2026 12:47:17 PM com.hvs.webstore.back.infra.media.ChromaprintEndingDetector detectEndingPrecomputed
INFO: Ending detection (precomputed) completed: 50 files in 25113ms
ago. 21, 2026 12:47:58 PM com.hvs.webstore.back.infra.media.DetectionLogger printSummary
INFO: === Detection Summary (INTRO) ===
Total files:      0
Detected:         0
Failed:           0
Avg confidence:   0,000
Total time (ms):  0

ago. 21, 2026 12:47:58 PM com.hvs.webstore.back.infra.media.ChromaprintIntroDetector detectIntroPrecomputed
INFO: Intro detection (precomputed) completed: 50 files in 65866ms
ago. 21, 2026 12:51:26 PM com.hvs.webstore.back.infra.media.DetectionLogger printSummary
INFO: === Detection Summary (ENDING) ===
Total files:      0
Detected:         0
Failed:           0
Avg confidence:   0,000
Total time (ms):  0

ago. 21, 2026 12:51:26 PM com.hvs.webstore.back.infra.media.ChromaprintEndingDetector detectEndingPrecomputed
INFO: Ending detection (precomputed) completed: 48 files in 66437ms
ago. 21, 2026 12:52:09 PM com.hvs.webstore.back.infra.media.DetectionLogger printSummary
INFO: === Detection Summary (INTRO) ===
Total files:      0
Detected:         0
Failed:           0
Avg confidence:   0,000
Total time (ms):  0

ago. 21, 2026 12:52:09 PM com.hvs.webstore.back.infra.media.ChromaprintIntroDetector detectIntroPrecomputed
INFO: Intro detection (precomputed) completed: 48 files in 110157ms
ago. 21, 2026 12:56:59 PM com.hvs.webstore.back.infra.media.DetectionLogger printSummary
INFO: === Detection Summary (INTRO) ===
Total files:      0
Detected:         0
Failed:           0
Avg confidence:   0,000
Total time (ms):  0

ago. 21, 2026 12:56:59 PM com.hvs.webstore.back.infra.media.ChromaprintIntroDetector detectIntroPrecomputed
INFO: Intro detection (precomputed) completed: 30 files in 120236ms
ago. 21, 2026 12:57:08 PM com.hvs.webstore.back.infra.media.DetectionLogger printSummary
INFO: === Detection Summary (ENDING) ===
Total files:      0
Detected:         0
Failed:           0
Avg confidence:   0,000
Total time (ms):  0

ago. 21, 2026 12:57:08 PM com.hvs.webstore.back.infra.media.ChromaprintEndingDetector detectEndingPrecomputed
INFO: Ending detection (precomputed) completed: 30 files in 129824ms
ago. 21, 2026 1:01:55 PM com.hvs.webstore.back.infra.media.DetectionLogger printSummary
INFO: === Detection Summary (INTRO) ===
Total files:      0
Detected:         0
Failed:           0
Avg confidence:   0,000
Total time (ms):  0

ago. 21, 2026 1:01:55 PM com.hvs.webstore.back.infra.media.ChromaprintIntroDetector detectIntroPrecomputed
INFO: Intro detection (precomputed) completed: 24 files in 176005ms
ago. 21, 2026 1:02:15 PM com.hvs.webstore.back.infra.media.DetectionLogger printSummary
INFO: === Detection Summary (ENDING) ===
Total files:      0
Detected:         0
Failed:           0
Avg confidence:   0,000
Total time (ms):  0

ago. 21, 2026 1:02:15 PM com.hvs.webstore.back.infra.media.ChromaprintEndingDetector detectEndingPrecomputed
INFO: Ending detection (precomputed) completed: 24 files in 196150ms
ago. 21, 2026 1:04:41 PM com.hvs.webstore.back.infra.media.DetectionLogger printSummary
INFO: === Detection Summary (INTRO) ===
Total files:      0
Detected:         0
Failed:           0
Avg confidence:   0,000
Total time (ms):  0

ago. 21, 2026 1:04:41 PM com.hvs.webstore.back.infra.media.ChromaprintIntroDetector detectIntroPrecomputed
INFO: Intro detection (precomputed) completed: 11 files in 56501ms
ago. 21, 2026 1:05:07 PM com.hvs.webstore.back.infra.media.DetectionLogger printSummary
INFO: === Detection Summary (ENDING) ===
Total files:      0
Detected:         0
Failed:           0
Avg confidence:   0,000
Total time (ms):  0

ago. 21, 2026 1:05:07 PM com.hvs.webstore.back.infra.media.ChromaprintEndingDetector detectEndingPrecomputed
INFO: Ending detection (precomputed) completed: 11 files in 81678ms
ago. 21, 2026 1:21:35 PM com.hvs.webstore.back.infra.media.DetectionLogger printSummary
INFO: === Detection Summary (INTRO) ===
Total files:      0
Detected:         0
Failed:           0
Avg confidence:   0,000
Total time (ms):  0

ago. 21, 2026 1:21:35 PM com.hvs.webstore.back.infra.media.ChromaprintIntroDetector detectIntroPrecomputed
INFO: Intro detection (precomputed) completed: 20 files in 944634ms
ago. 21, 2026 1:24:53 PM com.hvs.webstore.back.infra.media.DetectionLogger printSummary
INFO: === Detection Summary (ENDING) ===
Total files:      0
Detected:         0
Failed:           0
Avg confidence:   0,000
Total time (ms):  0

ago. 21, 2026 1:24:53 PM com.hvs.webstore.back.infra.media.ChromaprintEndingDetector detectEndingPrecomputed
INFO: Ending detection (precomputed) completed: 20 files in 1143010ms
ago. 21, 2026 1:26:30 PM com.hvs.webstore.back.infra.media.DetectionLogger printSummary
INFO: === Detection Summary (ENDING) ===
Total files:      0
Detected:         0
Failed:           0
Avg confidence:   0,000
Total time (ms):  0

ago. 21, 2026 1:26:30 PM com.hvs.webstore.back.infra.media.ChromaprintEndingDetector detectEndingPrecomputed
INFO: Ending detection (precomputed) completed: 35 files in 14262ms
ago. 21, 2026 1:27:21 PM com.hvs.webstore.back.infra.media.DetectionLogger printSummary
INFO: === Detection Summary (INTRO) ===
Total files:      0
Detected:         0
Failed:           0
Avg confidence:   0,000
Total time (ms):  0

ago. 21, 2026 1:27:21 PM com.hvs.webstore.back.infra.media.ChromaprintIntroDetector detectIntroPrecomputed
INFO: Intro detection (precomputed) completed: 35 files in 65187ms
ago. 21, 2026 1:30:20 PM com.hvs.webstore.back.infra.media.DetectionLogger printSummary
INFO: === Detection Summary (INTRO) ===
Total files:      0
Detected:         0
Failed:           0
Avg confidence:   0,000
Total time (ms):  0

ago. 21, 2026 1:30:20 PM com.hvs.webstore.back.infra.media.ChromaprintIntroDetector detectIntroPrecomputed
INFO: Intro detection (precomputed) completed: 24 files in 57162ms
ago. 21, 2026 1:32:35 PM com.hvs.webstore.back.infra.media.DetectionLogger printSummary
INFO: === Detection Summary (ENDING) ===
Total files:      0
Detected:         0
Failed:           0
Avg confidence:   0,000
Total time (ms):  0

ago. 21, 2026 1:32:35 PM com.hvs.webstore.back.infra.media.ChromaprintEndingDetector detectEndingPrecomputed
INFO: Ending detection (precomputed) completed: 24 files in 192012ms
ago. 21, 2026 1:35:43 PM com.hvs.webstore.back.infra.media.DetectionLogger printSummary
INFO: === Detection Summary (ENDING) ===
Total files:      0
Detected:         0
Failed:           0
Avg confidence:   0,000
Total time (ms):  0

ago. 21, 2026 1:35:43 PM com.hvs.webstore.back.infra.media.ChromaprintEndingDetector detectEndingPrecomputed
INFO: Ending detection (precomputed) completed: 72 files in 79539ms
ago. 21, 2026 1:37:57 PM com.hvs.webstore.back.infra.media.DetectionLogger printSummary
INFO: === Detection Summary (INTRO) ===
Total files:      0
Detected:         0
Failed:           0
Avg confidence:   0,000
Total time (ms):  0

ago. 21, 2026 1:37:57 PM com.hvs.webstore.back.infra.media.ChromaprintIntroDetector detectIntroPrecomputed
INFO: Intro detection (precomputed) completed: 72 files in 213409ms
ago. 21, 2026 1:42:08 PM com.hvs.webstore.back.infra.media.DetectionLogger printSummary
INFO: === Detection Summary (ENDING) ===
Total files:      0
Detected:         0
Failed:           0
Avg confidence:   0,000
Total time (ms):  0

ago. 21, 2026 1:42:08 PM com.hvs.webstore.back.infra.media.ChromaprintEndingDetector detectEndingPrecomputed
INFO: Ending detection (precomputed) completed: 10 files in 1221ms
ago. 21, 2026 1:42:10 PM com.hvs.webstore.back.infra.media.DetectionLogger printSummary
INFO: === Detection Summary (INTRO) ===
Total files:      0
Detected:         0
Failed:           0
Avg confidence:   0,000
Total time (ms):  0

ago. 21, 2026 1:42:10 PM com.hvs.webstore.back.infra.media.ChromaprintIntroDetector detectIntroPrecomputed
INFO: Intro detection (precomputed) completed: 10 files in 3540ms
ago. 21, 2026 1:42:52 PM com.hvs.webstore.back.infra.media.DetectionLogger printSummary
INFO: === Detection Summary (ENDING) ===
Total files:      0
Detected:         0
Failed:           0
Avg confidence:   0,000
Total time (ms):  0

ago. 21, 2026 1:42:52 PM com.hvs.webstore.back.infra.media.ChromaprintEndingDetector detectEndingPrecomputed
INFO: Ending detection (precomputed) completed: 22 files in 5853ms
ago. 21, 2026 1:43:02 PM com.hvs.webstore.back.infra.media.DetectionLogger printSummary
INFO: === Detection Summary (INTRO) ===
Total files:      0
Detected:         0
Failed:           0
Avg confidence:   0,000
Total time (ms):  0

ago. 21, 2026 1:43:02 PM com.hvs.webstore.back.infra.media.ChromaprintIntroDetector detectIntroPrecomputed
INFO: Intro detection (precomputed) completed: 22 files in 16275ms
ago. 21, 2026 1:44:57 PM com.hvs.webstore.back.infra.media.DetectionLogger printSummary
INFO: === Detection Summary (ENDING) ===
Total files:      0
Detected:         0
Failed:           0
Avg confidence:   0,000
Total time (ms):  0

ago. 21, 2026 1:44:57 PM com.hvs.webstore.back.infra.media.ChromaprintEndingDetector detectEndingPrecomputed
INFO: Ending detection (precomputed) completed: 55 files in 35842ms
ago. 21, 2026 1:46:22 PM com.hvs.webstore.back.infra.media.DetectionLogger printSummary
INFO: === Detection Summary (INTRO) ===
Total files:      0
Detected:         0
Failed:           0
Avg confidence:   0,000
Total time (ms):  0

ago. 21, 2026 1:46:22 PM com.hvs.webstore.back.infra.media.ChromaprintIntroDetector detectIntroPrecomputed
INFO: Intro detection (precomputed) completed: 55 files in 121161ms
ago. 21, 2026 1:49:30 PM com.hvs.webstore.back.infra.media.DetectionLogger printSummary
INFO: === Detection Summary (ENDING) ===
Total files:      0
Detected:         0
Failed:           0
Avg confidence:   0,000
Total time (ms):  0

ago. 21, 2026 1:49:30 PM com.hvs.webstore.back.infra.media.ChromaprintEndingDetector detectEndingPrecomputed
INFO: Ending detection (precomputed) completed: 5 files in 260ms
ago. 21, 2026 1:49:30 PM com.hvs.webstore.back.infra.media.DetectionLogger printSummary
INFO: === Detection Summary (INTRO) ===
Total files:      0
Detected:         0
Failed:           0
Avg confidence:   0,000
Total time (ms):  0

ago. 21, 2026 1:49:30 PM com.hvs.webstore.back.infra.media.ChromaprintIntroDetector detectIntroPrecomputed
INFO: Intro detection (precomputed) completed: 5 files in 842ms
ago. 21, 2026 1:51:16 PM com.hvs.webstore.back.infra.media.DetectionLogger printSummary
INFO: === Detection Summary (ENDING) ===
Total files:      0
Detected:         0
Failed:           0
Avg confidence:   0,000
Total time (ms):  0

ago. 21, 2026 1:51:16 PM com.hvs.webstore.back.infra.media.ChromaprintEndingDetector detectEndingPrecomputed
INFO: Ending detection (precomputed) completed: 92 files in 88681ms
ago. 21, 2026 1:54:40 PM com.hvs.webstore.back.infra.media.DetectionLogger printSummary
INFO: === Detection Summary (INTRO) ===
Total files:      0
Detected:         0
Failed:           0
Avg confidence:   0,000
Total time (ms):  0

ago. 21, 2026 1:54:40 PM com.hvs.webstore.back.infra.media.ChromaprintIntroDetector detectIntroPrecomputed
INFO: Intro detection (precomputed) completed: 92 files in 292371ms
ago. 21, 2026 2:05:29 PM com.hvs.webstore.back.infra.media.DetectionLogger printSummary
INFO: === Detection Summary (INTRO) ===
Total files:      0
Detected:         0
Failed:           0
Avg confidence:   0,000
Total time (ms):  0

ago. 21, 2026 2:05:29 PM com.hvs.webstore.back.infra.media.ChromaprintIntroDetector detectIntroPrecomputed
INFO: Intro detection (precomputed) completed: 64 files in 328072ms
ago. 21, 2026 2:10:51 PM com.hvs.webstore.back.infra.media.DetectionLogger printSummary
INFO: === Detection Summary (ENDING) ===
Total files:      0
Detected:         0
Failed:           0
Avg confidence:   0,000
Total time (ms):  0

ago. 21, 2026 2:10:51 PM com.hvs.webstore.back.infra.media.ChromaprintEndingDetector detectEndingPrecomputed
INFO: Ending detection (precomputed) completed: 64 files in 649305ms
ago. 21, 2026 2:16:07 PM com.hvs.webstore.back.infra.media.DetectionLogger printSummary
INFO: === Detection Summary (INTRO) ===
Total files:      0
Detected:         0
Failed:           0
Avg confidence:   0,000
Total time (ms):  0

ago. 21, 2026 2:16:07 PM com.hvs.webstore.back.infra.media.ChromaprintIntroDetector detectIntroPrecomputed
INFO: Intro detection (precomputed) completed: 11 files in 52704ms
ago. 21, 2026 2:16:30 PM com.hvs.webstore.back.infra.media.DetectionLogger printSummary
INFO: === Detection Summary (ENDING) ===
Total files:      0
Detected:         0
Failed:           0
Avg confidence:   0,000
Total time (ms):  0

ago. 21, 2026 2:16:30 PM com.hvs.webstore.back.infra.media.ChromaprintEndingDetector detectEndingPrecomputed
INFO: Ending detection (precomputed) completed: 11 files in 76276ms
ago. 21, 2026 2:17:15 PM com.hvs.webstore.back.infra.media.DetectionLogger printSummary
INFO: === Detection Summary (ENDING) ===
Total files:      0
Detected:         0
Failed:           0
Avg confidence:   0,000
Total time (ms):  0

ago. 21, 2026 2:17:15 PM com.hvs.webstore.back.infra.media.ChromaprintEndingDetector detectEndingPrecomputed
INFO: Ending detection (precomputed) completed: 2 files in 388ms
ago. 21, 2026 2:17:19 PM com.hvs.webstore.back.infra.media.DetectionLogger printSummary
INFO: === Detection Summary (INTRO) ===
Total files:      0
Detected:         0
Failed:           0
Avg confidence:   0,000
Total time (ms):  0

ago. 21, 2026 2:17:19 PM com.hvs.webstore.back.infra.media.ChromaprintIntroDetector detectIntroPrecomputed
INFO: Intro detection (precomputed) completed: 2 files in 4348ms
ago. 21, 2026 2:18:49 PM com.hvs.webstore.back.infra.media.DetectionLogger printSummary
INFO: === Detection Summary (INTRO) ===
Total files:      0
Detected:         0
Failed:           0
Avg confidence:   0,000
Total time (ms):  0

ago. 21, 2026 2:18:49 PM com.hvs.webstore.back.infra.media.ChromaprintIntroDetector detectIntroPrecomputed
INFO: Intro detection (precomputed) completed: 10 files in 64610ms
ago. 21, 2026 2:19:35 PM com.hvs.webstore.back.infra.media.DetectionLogger printSummary
INFO: === Detection Summary (ENDING) ===
Total files:      0
Detected:         0
Failed:           0
Avg confidence:   0,000
Total time (ms):  0

ago. 21, 2026 2:19:35 PM com.hvs.webstore.back.infra.media.ChromaprintEndingDetector detectEndingPrecomputed
INFO: Ending detection (precomputed) completed: 10 files in 110293ms
ago. 21, 2026 2:23:26 PM com.hvs.webstore.back.infra.media.DetectionLogger printSummary
INFO: === Detection Summary (INTRO) ===
Total files:      0
Detected:         0
Failed:           0
Avg confidence:   0,000
Total time (ms):  0

ago. 21, 2026 2:23:26 PM com.hvs.webstore.back.infra.media.ChromaprintIntroDetector detectIntroPrecomputed
INFO: Intro detection (precomputed) completed: 148 files in 140530ms
ago. 21, 2026 2:30:33 PM com.hvs.webstore.back.infra.media.DetectionLogger printSummary
INFO: === Detection Summary (ENDING) ===
Total files:      0
Detected:         0
Failed:           0
Avg confidence:   0,000
Total time (ms):  0

ago. 21, 2026 2:30:33 PM com.hvs.webstore.back.infra.media.ChromaprintEndingDetector detectEndingPrecomputed
INFO: Ending detection (precomputed) completed: 148 files in 566918ms
ago. 21, 2026 2:53:28 PM com.hvs.webstore.back.infra.media.DetectionLogger printSummary
INFO: === Detection Summary (ENDING) ===
Total files:      0
Detected:         0
Failed:           0
Avg confidence:   0,000
Total time (ms):  0

ago. 21, 2026 2:53:28 PM com.hvs.webstore.back.infra.media.ChromaprintEndingDetector detectEndingPrecomputed
INFO: Ending detection (precomputed) completed: 167 files in 722455ms
ago. 21, 2026 2:54:23 PM com.hvs.webstore.back.infra.media.DetectionLogger printSummary
INFO: === Detection Summary (INTRO) ===
Total files:      0
Detected:         0
Failed:           0
Avg confidence:   0,000
Total time (ms):  0

ago. 21, 2026 2:54:23 PM com.hvs.webstore.back.infra.media.ChromaprintIntroDetector detectIntroPrecomputed
INFO: Intro detection (precomputed) completed: 167 files in 777175ms
ago. 21, 2026 3:06:24 PM com.hvs.webstore.back.infra.media.DetectionLogger printSummary
INFO: === Detection Summary (ENDING) ===
Total files:      0
Detected:         0
Failed:           0
Avg confidence:   0,000
Total time (ms):  0

ago. 21, 2026 3:06:24 PM com.hvs.webstore.back.infra.media.ChromaprintEndingDetector detectEndingPrecomputed
INFO: Ending detection (precomputed) completed: 10 files in 593ms
ago. 21, 2026 3:06:36 PM com.hvs.webstore.back.infra.media.DetectionLogger printSummary
INFO: === Detection Summary (INTRO) ===
Total files:      0
Detected:         0
Failed:           0
Avg confidence:   0,000
Total time (ms):  0

ago. 21, 2026 3:06:36 PM com.hvs.webstore.back.infra.media.ChromaprintIntroDetector detectIntroPrecomputed
INFO: Intro detection (precomputed) completed: 10 files in 12861ms
ago. 21, 2026 3:07:12 PM com.hvs.webstore.back.infra.media.DetectionLogger printSummary
INFO: === Detection Summary (INTRO) ===
Total files:      0
Detected:         0
Failed:           0
Avg confidence:   0,000
Total time (ms):  0

ago. 21, 2026 3:07:12 PM com.hvs.webstore.back.infra.media.ChromaprintIntroDetector detectIntroPrecomputed
INFO: Intro detection (precomputed) completed: 25 files in 16553ms
ago. 21, 2026 3:07:43 PM com.hvs.webstore.back.infra.media.DetectionLogger printSummary
INFO: === Detection Summary (ENDING) ===
Total files:      0
Detected:         0
Failed:           0
Avg confidence:   0,000
Total time (ms):  0

ago. 21, 2026 3:07:43 PM com.hvs.webstore.back.infra.media.ChromaprintEndingDetector detectEndingPrecomputed
INFO: Ending detection (precomputed) completed: 25 files in 47586ms
ago. 21, 2026 3:08:16 PM com.hvs.webstore.back.infra.media.DetectionLogger printSummary
INFO: === Detection Summary (INTRO) ===
Total files:      0
Detected:         0
Failed:           0
Avg confidence:   0,000
Total time (ms):  0

ago. 21, 2026 3:08:16 PM com.hvs.webstore.back.infra.media.ChromaprintIntroDetector detectIntroPrecomputed
INFO: Intro detection (precomputed) completed: 35 files in 10797ms
ago. 21, 2026 3:08:37 PM com.hvs.webstore.back.infra.media.DetectionLogger printSummary
INFO: === Detection Summary (ENDING) ===
Total files:      0
Detected:         0
Failed:           0
Avg confidence:   0,000
Total time (ms):  0

ago. 21, 2026 3:08:37 PM com.hvs.webstore.back.infra.media.ChromaprintEndingDetector detectEndingPrecomputed
INFO: Ending detection (precomputed) completed: 35 files in 31975ms
ago. 21, 2026 3:09:29 PM com.hvs.webstore.back.infra.media.DetectionLogger printSummary
INFO: === Detection Summary (INTRO) ===
Total files:      0
Detected:         0
Failed:           0
Avg confidence:   0,000
Total time (ms):  0

ago. 21, 2026 3:09:29 PM com.hvs.webstore.back.infra.media.ChromaprintIntroDetector detectIntroPrecomputed
INFO: Intro detection (precomputed) completed: 9 files in 16050ms
ago. 21, 2026 3:09:53 PM com.hvs.webstore.back.infra.media.DetectionLogger printSummary
INFO: === Detection Summary (ENDING) ===
Total files:      0
Detected:         0
Failed:           0
Avg confidence:   0,000
Total time (ms):  0

ago. 21, 2026 3:09:53 PM com.hvs.webstore.back.infra.media.ChromaprintEndingDetector detectEndingPrecomputed
INFO: Ending detection (precomputed) completed: 9 files in 40263ms
ago. 21, 2026 3:11:50 PM com.hvs.webstore.back.infra.media.DetectionLogger printSummary
INFO: === Detection Summary (ENDING) ===
Total files:      0
Detected:         0
Failed:           0
Avg confidence:   0,000
Total time (ms):  0

ago. 21, 2026 3:11:50 PM com.hvs.webstore.back.infra.media.ChromaprintEndingDetector detectEndingPrecomputed
INFO: Ending detection (precomputed) completed: 17 files in 98952ms
ago. 21, 2026 3:12:06 PM com.hvs.webstore.back.infra.media.DetectionLogger printSummary
INFO: === Detection Summary (INTRO) ===
Total files:      0
Detected:         0
Failed:           0
Avg confidence:   0,000
Total time (ms):  0

ago. 21, 2026 3:12:06 PM com.hvs.webstore.back.infra.media.ChromaprintIntroDetector detectIntroPrecomputed
INFO: Intro detection (precomputed) completed: 17 files in 114156ms
ago. 21, 2026 3:14:31 PM com.hvs.webstore.back.infra.media.DetectionLogger printSummary
INFO: === Detection Summary (INTRO) ===
Total files:      0
Detected:         0
Failed:           0
Avg confidence:   0,000
Total time (ms):  0

ago. 21, 2026 3:14:31 PM com.hvs.webstore.back.infra.media.ChromaprintIntroDetector detectIntroPrecomputed
INFO: Intro detection (precomputed) completed: 24 files in 67760ms
ago. 21, 2026 3:14:53 PM com.hvs.webstore.back.infra.media.DetectionLogger printSummary
INFO: === Detection Summary (ENDING) ===
Total files:      0
Detected:         0
Failed:           0
Avg confidence:   0,000
Total time (ms):  0

ago. 21, 2026 3:14:53 PM com.hvs.webstore.back.infra.media.ChromaprintEndingDetector detectEndingPrecomputed
INFO: Ending detection (precomputed) completed: 24 files in 90418ms
ago. 21, 2026 3:17:45 PM com.hvs.webstore.back.infra.media.DetectionLogger printSummary
INFO: === Detection Summary (INTRO) ===
Total files:      0
Detected:         0
Failed:           0
Avg confidence:   0,000
Total time (ms):  0

ago. 21, 2026 3:17:45 PM com.hvs.webstore.back.infra.media.ChromaprintIntroDetector detectIntroPrecomputed
INFO: Intro detection (precomputed) completed: 24 files in 65049ms
ago. 21, 2026 3:20:16 PM com.hvs.webstore.back.infra.media.DetectionLogger printSummary
INFO: === Detection Summary (ENDING) ===
Total files:      0
Detected:         0
Failed:           0
Avg confidence:   0,000
Total time (ms):  0

ago. 21, 2026 3:20:16 PM com.hvs.webstore.back.infra.media.ChromaprintEndingDetector detectEndingPrecomputed
INFO: Ending detection (precomputed) completed: 24 files in 216373ms
ago. 21, 2026 3:23:41 PM com.hvs.webstore.back.infra.media.DetectionLogger printSummary
INFO: === Detection Summary (ENDING) ===
Total files:      0
Detected:         0
Failed:           0
Avg confidence:   0,000
Total time (ms):  0

ago. 21, 2026 3:23:41 PM com.hvs.webstore.back.infra.media.ChromaprintEndingDetector detectEndingPrecomputed
INFO: Ending detection (precomputed) completed: 39 files in 98523ms
ago. 21, 2026 3:25:20 PM com.hvs.webstore.back.infra.media.DetectionLogger printSummary
INFO: === Detection Summary (INTRO) ===
Total files:      0
Detected:         0
Failed:           0
Avg confidence:   0,000
Total time (ms):  0

ago. 21, 2026 3:25:20 PM com.hvs.webstore.back.infra.media.ChromaprintIntroDetector detectIntroPrecomputed
INFO: Intro detection (precomputed) completed: 39 files in 197145ms
ago. 21, 2026 3:30:34 PM com.hvs.webstore.back.infra.media.DetectionLogger printSummary
INFO: === Detection Summary (INTRO) ===
Total files:      0
Detected:         0
Failed:           0
Avg confidence:   0,000
Total time (ms):  0

ago. 21, 2026 3:30:34 PM com.hvs.webstore.back.infra.media.ChromaprintIntroDetector detectIntroPrecomputed
INFO: Intro detection (precomputed) completed: 39 files in 139831ms
ago. 21, 2026 3:33:23 PM com.hvs.webstore.back.infra.media.DetectionLogger printSummary
INFO: === Detection Summary (ENDING) ===
Total files:      0
Detected:         0
Failed:           0
Avg confidence:   0,000
Total time (ms):  0

ago. 21, 2026 3:33:23 PM com.hvs.webstore.back.infra.media.ChromaprintEndingDetector detectEndingPrecomputed
INFO: Ending detection (precomputed) completed: 39 files in 308547ms
ago. 21, 2026 3:37:47 PM com.hvs.webstore.back.infra.media.DetectionLogger printSummary
INFO: === Detection Summary (INTRO) ===
Total files:      0
Detected:         0
Failed:           0
Avg confidence:   0,000
Total time (ms):  0

ago. 21, 2026 3:37:47 PM com.hvs.webstore.back.infra.media.ChromaprintIntroDetector detectIntroPrecomputed
INFO: Intro detection (precomputed) completed: 24 files in 105338ms
ago. 21, 2026 3:38:51 PM com.hvs.webstore.back.infra.media.DetectionLogger printSummary
INFO: === Detection Summary (ENDING) ===
Total files:      0
Detected:         0
Failed:           0
Avg confidence:   0,000
Total time (ms):  0

ago. 21, 2026 3:38:51 PM com.hvs.webstore.back.infra.media.ChromaprintEndingDetector detectEndingPrecomputed
INFO: Ending detection (precomputed) completed: 24 files in 169095ms
ago. 21, 2026 3:42:03 PM com.hvs.webstore.back.infra.media.DetectionLogger printSummary
INFO: === Detection Summary (ENDING) ===
Total files:      0
Detected:         0
Failed:           0
Avg confidence:   0,000
Total time (ms):  0

ago. 21, 2026 3:42:03 PM com.hvs.webstore.back.infra.media.ChromaprintEndingDetector detectEndingPrecomputed
INFO: Ending detection (precomputed) completed: 227 files in 87887ms
ago. 21, 2026 3:42:25 PM com.hvs.webstore.back.infra.media.DetectionLogger printSummary
INFO: === Detection Summary (INTRO) ===
Total files:      0
Detected:         0
Failed:           0
Avg confidence:   0,000
Total time (ms):  0

ago. 21, 2026 3:42:25 PM com.hvs.webstore.back.infra.media.ChromaprintIntroDetector detectIntroPrecomputed
INFO: Intro detection (precomputed) completed: 227 files in 109425ms
ago. 21, 2026 3:47:00 PM com.hvs.webstore.back.infra.media.DetectionLogger printSummary
INFO: === Detection Summary (ENDING) ===
Total files:      0
Detected:         0
Failed:           0
Avg confidence:   0,000
Total time (ms):  0

ago. 21, 2026 3:47:00 PM com.hvs.webstore.back.infra.media.ChromaprintEndingDetector detectEndingPrecomputed
INFO: Ending detection (precomputed) completed: 52 files in 74751ms
ago. 21, 2026 3:47:11 PM com.hvs.webstore.back.infra.media.DetectionLogger printSummary
INFO: === Detection Summary (INTRO) ===
Total files:      0
Detected:         0
Failed:           0
Avg confidence:   0,000
Total time (ms):  0

ago. 21, 2026 3:47:11 PM com.hvs.webstore.back.infra.media.ChromaprintIntroDetector detectIntroPrecomputed
INFO: Intro detection (precomputed) completed: 52 files in 85542ms
ago. 21, 2026 3:54:01 PM com.hvs.webstore.back.infra.media.DetectionLogger printSummary
INFO: === Detection Summary (ENDING) ===
Total files:      0
Detected:         0
Failed:           0
Avg confidence:   0,000
Total time (ms):  0

ago. 21, 2026 3:54:01 PM com.hvs.webstore.back.infra.media.ChromaprintEndingDetector detectEndingPrecomputed
INFO: Ending detection (precomputed) completed: 24 files in 195319ms
ago. 21, 2026 3:54:15 PM com.hvs.webstore.back.infra.media.DetectionLogger printSummary
INFO: === Detection Summary (INTRO) ===
Total files:      0
Detected:         0
Failed:           0
Avg confidence:   0,000
Total time (ms):  0

ago. 21, 2026 3:54:15 PM com.hvs.webstore.back.infra.media.ChromaprintIntroDetector detectIntroPrecomputed
INFO: Intro detection (precomputed) completed: 24 files in 209508ms
ago. 21, 2026 3:56:53 PM com.hvs.webstore.back.infra.media.DetectionLogger printSummary
INFO: === Detection Summary (INTRO) ===
Total files:      0
Detected:         0
Failed:           0
Avg confidence:   0,000
Total time (ms):  0

ago. 21, 2026 3:56:53 PM com.hvs.webstore.back.infra.media.ChromaprintIntroDetector detectIntroPrecomputed
INFO: Intro detection (precomputed) completed: 26 files in 47843ms
ago. 21, 2026 4:01:25 PM com.hvs.webstore.back.infra.media.DetectionLogger printSummary
INFO: === Detection Summary (ENDING) ===
Total files:      0
Detected:         0
Failed:           0
Avg confidence:   0,000
Total time (ms):  0

ago. 21, 2026 4:01:25 PM com.hvs.webstore.back.infra.media.ChromaprintEndingDetector detectEndingPrecomputed
INFO: Ending detection (precomputed) completed: 26 files in 320033ms
ago. 21, 2026 4:30:35 PM com.hvs.webstore.back.infra.media.DetectionLogger printSummary
INFO: === Detection Summary (INTRO) ===
Total files:      0
Detected:         0
Failed:           0
Avg confidence:   0,000
Total time (ms):  0

ago. 21, 2026 4:30:35 PM com.hvs.webstore.back.infra.media.ChromaprintIntroDetector detectIntroPrecomputed
INFO: Intro detection (precomputed) completed: 625 files in 1615198ms
ago. 21, 2026 4:58:22 PM com.hvs.webstore.back.infra.media.DetectionLogger printSummary
INFO: === Detection Summary (ENDING) ===
Total files:      0
Detected:         0
Failed:           0
Avg confidence:   0,000
Total time (ms):  0

ago. 21, 2026 4:58:22 PM com.hvs.webstore.back.infra.media.ChromaprintEndingDetector detectEndingPrecomputed
INFO: Ending detection (precomputed) completed: 625 files in 3282155ms
ago. 21, 2026 6:14:46 PM com.hvs.webstore.back.infra.media.DetectionLogger printSummary
INFO: === Detection Summary (INTRO) ===
Total files:      0
Detected:         0
Failed:           0
Avg confidence:   0,000
Total time (ms):  0

ago. 21, 2026 6:14:46 PM com.hvs.webstore.back.infra.media.ChromaprintIntroDetector detectIntroPrecomputed
INFO: Intro detection (precomputed) completed: 12 files in 345435ms
ago. 21, 2026 6:19:35 PM com.hvs.webstore.back.infra.media.DetectionLogger printSummary
INFO: === Detection Summary (ENDING) ===
Total files:      0
Detected:         0
Failed:           0
Avg confidence:   0,000
Total time (ms):  0

ago. 21, 2026 6:19:35 PM com.hvs.webstore.back.infra.media.ChromaprintEndingDetector detectEndingPrecomputed
INFO: Ending detection (precomputed) completed: 12 files in 633614ms
ago. 21, 2026 6:22:55 PM com.hvs.webstore.back.infra.media.DetectionLogger printSummary
INFO: === Detection Summary (INTRO) ===
Total files:      0
Detected:         0
Failed:           0
Avg confidence:   0,000
Total time (ms):  0

ago. 21, 2026 6:22:55 PM com.hvs.webstore.back.infra.media.ChromaprintIntroDetector detectIntroPrecomputed
INFO: Intro detection (precomputed) completed: 12 files in 83100ms
ago. 21, 2026 6:23:50 PM com.hvs.webstore.back.infra.media.DetectionLogger printSummary
INFO: === Detection Summary (ENDING) ===
Total files:      0
Detected:         0
Failed:           0
Avg confidence:   0,000
Total time (ms):  0

ago. 21, 2026 6:23:50 PM com.hvs.webstore.back.infra.media.ChromaprintEndingDetector detectEndingPrecomputed
INFO: Ending detection (precomputed) completed: 12 files in 137753ms
ago. 21, 2026 6:26:53 PM com.hvs.webstore.back.infra.media.DetectionLogger printSummary
INFO: === Detection Summary (INTRO) ===
Total files:      0
Detected:         0
Failed:           0
Avg confidence:   0,000
Total time (ms):  0

ago. 21, 2026 6:26:53 PM com.hvs.webstore.back.infra.media.ChromaprintIntroDetector detectIntroPrecomputed
INFO: Intro detection (precomputed) completed: 12 files in 101785ms
ago. 21, 2026 6:29:29 PM com.hvs.webstore.back.infra.media.DetectionLogger printSummary
INFO: === Detection Summary (ENDING) ===
Total files:      0
Detected:         0
Failed:           0
Avg confidence:   0,000
Total time (ms):  0

ago. 21, 2026 6:29:29 PM com.hvs.webstore.back.infra.media.ChromaprintEndingDetector detectEndingPrecomputed
INFO: Ending detection (precomputed) completed: 12 files in 258382ms
ago. 21, 2026 6:33:50 PM com.hvs.webstore.back.infra.media.DetectionLogger printSummary
INFO: === Detection Summary (INTRO) ===
Total files:      0
Detected:         0
Failed:           0
Avg confidence:   0,000
Total time (ms):  0

ago. 21, 2026 6:33:50 PM com.hvs.webstore.back.infra.media.ChromaprintIntroDetector detectIntroPrecomputed
INFO: Intro detection (precomputed) completed: 13 files in 178262ms
ago. 21, 2026 6:35:27 PM com.hvs.webstore.back.infra.media.DetectionLogger printSummary
INFO: === Detection Summary (ENDING) ===
Total files:      0
Detected:         0
Failed:           0
Avg confidence:   0,000
Total time (ms):  0

ago. 21, 2026 6:35:27 PM com.hvs.webstore.back.infra.media.ChromaprintEndingDetector detectEndingPrecomputed
INFO: Ending detection (precomputed) completed: 13 files in 275445ms
ago. 21, 2026 6:39:06 PM com.hvs.webstore.back.infra.media.DetectionLogger printSummary
INFO: === Detection Summary (INTRO) ===
Total files:      0
Detected:         0
Failed:           0
Avg confidence:   0,000
Total time (ms):  0

ago. 21, 2026 6:39:06 PM com.hvs.webstore.back.infra.media.ChromaprintIntroDetector detectIntroPrecomputed
INFO: Intro detection (precomputed) completed: 13 files in 121022ms
ago. 21, 2026 6:41:44 PM com.hvs.webstore.back.infra.media.DetectionLogger printSummary
INFO: === Detection Summary (ENDING) ===
Total files:      0
Detected:         0
Failed:           0
Avg confidence:   0,000
Total time (ms):  0

ago. 21, 2026 6:41:44 PM com.hvs.webstore.back.infra.media.ChromaprintEndingDetector detectEndingPrecomputed
INFO: Ending detection (precomputed) completed: 13 files in 279076ms
ago. 21, 2026 6:44:46 PM com.hvs.webstore.back.infra.media.DetectionLogger printSummary
INFO: === Detection Summary (INTRO) ===
Total files:      0
Detected:         0
Failed:           0
Avg confidence:   0,000
Total time (ms):  0

ago. 21, 2026 6:44:46 PM com.hvs.webstore.back.infra.media.ChromaprintIntroDetector detectIntroPrecomputed
INFO: Intro detection (precomputed) completed: 13 files in 91872ms
ago. 21, 2026 6:45:32 PM com.hvs.webstore.back.infra.media.DetectionLogger printSummary
INFO: === Detection Summary (ENDING) ===
Total files:      0
Detected:         0
Failed:           0
Avg confidence:   0,000
Total time (ms):  0

ago. 21, 2026 6:45:32 PM com.hvs.webstore.back.infra.media.ChromaprintEndingDetector detectEndingPrecomputed
INFO: Ending detection (precomputed) completed: 13 files in 137385ms
ago. 21, 2026 6:48:42 PM com.hvs.webstore.back.infra.media.DetectionLogger printSummary
INFO: === Detection Summary (INTRO) ===
Total files:      0
Detected:         0
Failed:           0
Avg confidence:   0,000
Total time (ms):  0

ago. 21, 2026 6:48:42 PM com.hvs.webstore.back.infra.media.ChromaprintIntroDetector detectIntroPrecomputed
INFO: Intro detection (precomputed) completed: 13 files in 104866ms
ago. 21, 2026 6:49:20 PM com.hvs.webstore.back.infra.media.DetectionLogger printSummary
INFO: === Detection Summary (ENDING) ===
Total files:      0
Detected:         0
Failed:           0
Avg confidence:   0,000
Total time (ms):  0

ago. 21, 2026 6:49:20 PM com.hvs.webstore.back.infra.media.ChromaprintEndingDetector detectEndingPrecomputed
INFO: Ending detection (precomputed) completed: 13 files in 143105ms
ago. 21, 2026 6:50:46 PM com.hvs.webstore.back.infra.media.DetectionLogger printSummary
INFO: === Detection Summary (ENDING) ===
Total files:      0
Detected:         0
Failed:           0
Avg confidence:   0,000
Total time (ms):  0

ago. 21, 2026 6:50:46 PM com.hvs.webstore.back.infra.media.ChromaprintEndingDetector detectEndingPrecomputed
INFO: Ending detection (precomputed) completed: 47 files in 6173ms
ago. 21, 2026 6:51:26 PM com.hvs.webstore.back.infra.media.DetectionLogger printSummary
INFO: === Detection Summary (INTRO) ===
Total files:      0
Detected:         0
Failed:           0
Avg confidence:   0,000
Total time (ms):  0

ago. 21, 2026 6:51:26 PM com.hvs.webstore.back.infra.media.ChromaprintIntroDetector detectIntroPrecomputed
INFO: Intro detection (precomputed) completed: 47 files in 46545ms
ago. 21, 2026 6:52:22 PM com.hvs.webstore.back.infra.media.DetectionLogger printSummary
INFO: === Detection Summary (ENDING) ===
Total files:      0
Detected:         0
Failed:           0
Avg confidence:   0,000
Total time (ms):  0

ago. 21, 2026 6:52:22 PM com.hvs.webstore.back.infra.media.ChromaprintEndingDetector detectEndingPrecomputed
INFO: Ending detection (precomputed) completed: 6 files in 125ms
ago. 21, 2026 6:52:22 PM com.hvs.webstore.back.infra.media.DetectionLogger printSummary
INFO: === Detection Summary (INTRO) ===
Total files:      0
Detected:         0
Failed:           0
Avg confidence:   0,000
Total time (ms):  0

ago. 21, 2026 6:52:22 PM com.hvs.webstore.back.infra.media.ChromaprintIntroDetector detectIntroPrecomputed
INFO: Intro detection (precomputed) completed: 6 files in 167ms
ago. 21, 2026 6:52:29 PM com.hvs.webstore.back.infra.media.DetectionLogger printSummary
INFO: === Detection Summary (ENDING) ===
Total files:      0
Detected:         0
Failed:           0
Avg confidence:   0,000
Total time (ms):  0

ago. 21, 2026 6:52:29 PM com.hvs.webstore.back.infra.media.ChromaprintEndingDetector detectEndingPrecomputed
INFO: Ending detection (precomputed) completed: 7 files in 136ms
ago. 21, 2026 6:52:29 PM com.hvs.webstore.back.infra.media.DetectionLogger printSummary
INFO: === Detection Summary (INTRO) ===
Total files:      0
Detected:         0
Failed:           0
Avg confidence:   0,000
Total time (ms):  0

ago. 21, 2026 6:52:29 PM com.hvs.webstore.back.infra.media.ChromaprintIntroDetector detectIntroPrecomputed
INFO: Intro detection (precomputed) completed: 7 files in 157ms
ago. 21, 2026 6:53:43 PM com.hvs.webstore.back.infra.media.DetectionLogger printSummary
INFO: === Detection Summary (ENDING) ===
Total files:      0
Detected:         0
Failed:           0
Avg confidence:   0,000
Total time (ms):  0

ago. 21, 2026 6:53:43 PM com.hvs.webstore.back.infra.media.ChromaprintEndingDetector detectEndingPrecomputed
INFO: Ending detection (precomputed) completed: 197 files in 53760ms
ago. 21, 2026 6:54:08 PM com.hvs.webstore.back.infra.media.DetectionLogger printSummary
INFO: === Detection Summary (INTRO) ===
Total files:      0
Detected:         0
Failed:           0
Avg confidence:   0,000
Total time (ms):  0

ago. 21, 2026 6:54:08 PM com.hvs.webstore.back.infra.media.ChromaprintIntroDetector detectIntroPrecomputed
INFO: Intro detection (precomputed) completed: 197 files in 78085ms
ago. 21, 2026 6:58:30 PM com.hvs.webstore.back.infra.media.DetectionLogger printSummary
INFO: === Detection Summary (ENDING) ===
Total files:      0
Detected:         0
Failed:           0
Avg confidence:   0,000
Total time (ms):  0

ago. 21, 2026 6:58:30 PM com.hvs.webstore.back.infra.media.ChromaprintEndingDetector detectEndingPrecomputed
INFO: Ending detection (precomputed) completed: 82 files in 103049ms
ago. 21, 2026 7:01:36 PM com.hvs.webstore.back.infra.media.DetectionLogger printSummary
INFO: === Detection Summary (INTRO) ===
Total files:      0
Detected:         0
Failed:           0
Avg confidence:   0,000
Total time (ms):  0

ago. 21, 2026 7:01:36 PM com.hvs.webstore.back.infra.media.ChromaprintIntroDetector detectIntroPrecomputed
INFO: Intro detection (precomputed) completed: 82 files in 288944ms
ago. 21, 2026 7:13:40 PM com.hvs.webstore.back.infra.media.DetectionLogger printSummary
INFO: === Detection Summary (INTRO) ===
Total files:      0
Detected:         0
Failed:           0
Avg confidence:   0,000
Total time (ms):  0

ago. 21, 2026 7:13:40 PM com.hvs.webstore.back.infra.media.ChromaprintIntroDetector detectIntroPrecomputed
INFO: Intro detection (precomputed) completed: 36 files in 351960ms
ago. 21, 2026 7:19:03 PM com.hvs.webstore.back.infra.media.DetectionLogger printSummary
INFO: === Detection Summary (ENDING) ===
Total files:      0
Detected:         0
Failed:           0
Avg confidence:   0,000
Total time (ms):  0

ago. 21, 2026 7:19:03 PM com.hvs.webstore.back.infra.media.ChromaprintEndingDetector detectEndingPrecomputed
INFO: Ending detection (precomputed) completed: 36 files in 674800ms
ago. 21, 2026 7:26:44 PM com.hvs.webstore.back.infra.media.DetectionLogger printSummary
INFO: === Detection Summary (INTRO) ===
Total files:      0
Detected:         0
Failed:           0
Avg confidence:   0,000
Total time (ms):  0

ago. 21, 2026 7:26:44 PM com.hvs.webstore.back.infra.media.ChromaprintIntroDetector detectIntroPrecomputed
INFO: Intro detection (precomputed) completed: 52 files in 237858ms
ago. 21, 2026 7:31:52 PM com.hvs.webstore.back.infra.media.DetectionLogger printSummary
INFO: === Detection Summary (ENDING) ===
Total files:      0
Detected:         0
Failed:           0
Avg confidence:   0,000
Total time (ms):  0

ago. 21, 2026 7:31:52 PM com.hvs.webstore.back.infra.media.ChromaprintEndingDetector detectEndingPrecomputed
INFO: Ending detection (precomputed) completed: 52 files in 544979ms
ago. 21, 2026 7:40:52 PM com.hvs.webstore.back.infra.media.DetectionLogger printSummary
INFO: === Detection Summary (INTRO) ===
Total files:      0
Detected:         0
Failed:           0
Avg confidence:   0,000
Total time (ms):  0

ago. 21, 2026 7:40:52 PM com.hvs.webstore.back.infra.media.ChromaprintIntroDetector detectIntroPrecomputed
INFO: Intro detection (precomputed) completed: 65 files in 279807ms
ago. 21, 2026 7:48:08 PM com.hvs.webstore.back.infra.media.DetectionLogger printSummary
INFO: === Detection Summary (ENDING) ===
Total files:      0
Detected:         0
Failed:           0
Avg confidence:   0,000
Total time (ms):  0

ago. 21, 2026 7:48:08 PM com.hvs.webstore.back.infra.media.ChromaprintEndingDetector detectEndingPrecomputed
INFO: Ending detection (precomputed) completed: 65 files in 716384ms
ago. 21, 2026 7:56:54 PM com.hvs.webstore.back.infra.media.DetectionLogger printSummary
INFO: === Detection Summary (ENDING) ===
Total files:      0
Detected:         0
Failed:           0
Avg confidence:   0,000
Total time (ms):  0

ago. 21, 2026 7:56:54 PM com.hvs.webstore.back.infra.media.ChromaprintEndingDetector detectEndingPrecomputed
INFO: Ending detection (precomputed) completed: 25 files in 149532ms
ago. 21, 2026 7:57:39 PM com.hvs.webstore.back.infra.media.DetectionLogger printSummary
INFO: === Detection Summary (INTRO) ===
Total files:      0
Detected:         0
Failed:           0
Avg confidence:   0,000
Total time (ms):  0

ago. 21, 2026 7:57:39 PM com.hvs.webstore.back.infra.media.ChromaprintIntroDetector detectIntroPrecomputed
INFO: Intro detection (precomputed) completed: 25 files in 194367ms
ago. 21, 2026 8:02:55 PM com.hvs.webstore.back.infra.media.DetectionLogger printSummary
INFO: === Detection Summary (INTRO) ===
Total files:      0
Detected:         0
Failed:           0
Avg confidence:   0,000
Total time (ms):  0

ago. 21, 2026 8:02:55 PM com.hvs.webstore.back.infra.media.ChromaprintIntroDetector detectIntroPrecomputed
INFO: Intro detection (precomputed) completed: 13 files in 31989ms
ago. 21, 2026 8:04:44 PM com.hvs.webstore.back.infra.media.DetectionLogger printSummary
INFO: === Detection Summary (ENDING) ===
Total files:      0
Detected:         0
Failed:           0
Avg confidence:   0,000
Total time (ms):  0

ago. 21, 2026 8:04:44 PM com.hvs.webstore.back.infra.media.ChromaprintEndingDetector detectEndingPrecomputed
INFO: Ending detection (precomputed) completed: 13 files in 140869ms
ago. 21, 2026 8:09:47 PM com.hvs.webstore.back.infra.media.DetectionLogger printSummary
INFO: === Detection Summary (INTRO) ===
Total files:      0
Detected:         0
Failed:           0
Avg confidence:   0,000
Total time (ms):  0

ago. 21, 2026 8:09:47 PM com.hvs.webstore.back.infra.media.ChromaprintIntroDetector detectIntroPrecomputed
INFO: Intro detection (precomputed) completed: 12 files in 149170ms
ago. 21, 2026 8:10:34 PM com.hvs.webstore.back.infra.media.DetectionLogger printSummary
INFO: === Detection Summary (ENDING) ===
Total files:      0
Detected:         0
Failed:           0
Avg confidence:   0,000
Total time (ms):  0

ago. 21, 2026 8:10:34 PM com.hvs.webstore.back.infra.media.ChromaprintEndingDetector detectEndingPrecomputed
INFO: Ending detection (precomputed) completed: 12 files in 195573ms
ago. 21, 2026 8:14:22 PM com.hvs.webstore.back.infra.media.DetectionLogger printSummary
INFO: === Detection Summary (INTRO) ===
Total files:      0
Detected:         0
Failed:           0
Avg confidence:   0,000
Total time (ms):  0

ago. 21, 2026 8:14:22 PM com.hvs.webstore.back.infra.media.ChromaprintIntroDetector detectIntroPrecomputed
INFO: Intro detection (precomputed) completed: 46 files in 89591ms
ago. 21, 2026 8:17:04 PM com.hvs.webstore.back.infra.media.DetectionLogger printSummary
INFO: === Detection Summary (ENDING) ===
Total files:      0
Detected:         0
Failed:           0
Avg confidence:   0,000
Total time (ms):  0

ago. 21, 2026 8:17:04 PM com.hvs.webstore.back.infra.media.ChromaprintEndingDetector detectEndingPrecomputed
INFO: Ending detection (precomputed) completed: 46 files in 252283ms
ago. 21, 2026 8:23:57 PM com.hvs.webstore.back.infra.media.DetectionLogger printSummary
INFO: === Detection Summary (INTRO) ===
Total files:      0
Detected:         0
Failed:           0
Avg confidence:   0,000
Total time (ms):  0

ago. 21, 2026 8:23:57 PM com.hvs.webstore.back.infra.media.ChromaprintIntroDetector detectIntroPrecomputed
INFO: Intro detection (precomputed) completed: 35 files in 41413ms
ago. 21, 2026 8:25:35 PM com.hvs.webstore.back.infra.media.DetectionLogger printSummary
INFO: === Detection Summary (ENDING) ===
Total files:      0
Detected:         0
Failed:           0
Avg confidence:   0,000
Total time (ms):  0

ago. 21, 2026 8:25:35 PM com.hvs.webstore.back.infra.media.ChromaprintEndingDetector detectEndingPrecomputed
INFO: Ending detection (precomputed) completed: 35 files in 139161ms
ago. 21, 2026 8:32:34 PM com.hvs.webstore.back.infra.media.DetectionLogger printSummary
INFO: === Detection Summary (INTRO) ===
Total files:      0
Detected:         0
Failed:           0
Avg confidence:   0,000
Total time (ms):  0

ago. 21, 2026 8:32:34 PM com.hvs.webstore.back.infra.media.ChromaprintIntroDetector detectIntroPrecomputed
INFO: Intro detection (precomputed) completed: 35 files in 153209ms
ago. 21, 2026 8:37:20 PM com.hvs.webstore.back.infra.media.DetectionLogger printSummary
INFO: === Detection Summary (ENDING) ===
Total files:      0
Detected:         0
Failed:           0
Avg confidence:   0,000
Total time (ms):  0

ago. 21, 2026 8:37:20 PM com.hvs.webstore.back.infra.media.ChromaprintEndingDetector detectEndingPrecomputed
INFO: Ending detection (precomputed) completed: 35 files in 439592ms
ago. 21, 2026 8:50:18 PM com.hvs.webstore.back.infra.media.DetectionLogger printSummary
INFO: === Detection Summary (ENDING) ===
Total files:      0
Detected:         0
Failed:           0
Avg confidence:   0,000
Total time (ms):  0

ago. 21, 2026 8:50:18 PM com.hvs.webstore.back.infra.media.ChromaprintEndingDetector detectEndingPrecomputed
INFO: Ending detection (precomputed) completed: 38 files in 280286ms
ago. 21, 2026 8:56:42 PM com.hvs.webstore.back.infra.media.DetectionLogger printSummary
INFO: === Detection Summary (INTRO) ===
Total files:      0
Detected:         0
Failed:           0
Avg confidence:   0,000
Total time (ms):  0

ago. 21, 2026 8:56:42 PM com.hvs.webstore.back.infra.media.ChromaprintIntroDetector detectIntroPrecomputed
INFO: Intro detection (precomputed) completed: 38 files in 663963ms
ago. 21, 2026 9:07:33 PM com.hvs.webstore.back.infra.media.DetectionLogger printSummary
INFO: === Detection Summary (INTRO) ===
Total files:      0
Detected:         0
Failed:           0
Avg confidence:   0,000
Total time (ms):  0

ago. 21, 2026 9:07:33 PM com.hvs.webstore.back.infra.media.ChromaprintIntroDetector detectIntroPrecomputed
INFO: Intro detection (precomputed) completed: 12 files in 120905ms
ago. 21, 2026 9:08:39 PM com.hvs.webstore.back.infra.media.DetectionLogger printSummary
INFO: === Detection Summary (ENDING) ===
Total files:      0
Detected:         0
Failed:           0
Avg confidence:   0,000
Total time (ms):  0

ago. 21, 2026 9:08:39 PM com.hvs.webstore.back.infra.media.ChromaprintEndingDetector detectEndingPrecomputed
INFO: Ending detection (precomputed) completed: 12 files in 186734ms
ago. 21, 2026 9:12:53 PM com.hvs.webstore.back.infra.media.DetectionLogger printSummary
INFO: === Detection Summary (INTRO) ===
Total files:      0
Detected:         0
Failed:           0
Avg confidence:   0,000
Total time (ms):  0

ago. 21, 2026 9:12:53 PM com.hvs.webstore.back.infra.media.ChromaprintIntroDetector detectIntroPrecomputed
INFO: Intro detection (precomputed) completed: 12 files in 118734ms
ago. 21, 2026 9:14:12 PM com.hvs.webstore.back.infra.media.DetectionLogger printSummary
INFO: === Detection Summary (ENDING) ===
Total files:      0
Detected:         0
Failed:           0
Avg confidence:   0,000
Total time (ms):  0

ago. 21, 2026 9:14:12 PM com.hvs.webstore.back.infra.media.ChromaprintEndingDetector detectEndingPrecomputed
INFO: Ending detection (precomputed) completed: 12 files in 197622ms
ago. 21, 2026 9:17:05 PM com.hvs.webstore.back.infra.media.DetectionLogger printSummary
INFO: === Detection Summary (INTRO) ===
Total files:      0
Detected:         0
Failed:           0
Avg confidence:   0,000
Total time (ms):  0

ago. 21, 2026 9:17:05 PM com.hvs.webstore.back.infra.media.ChromaprintIntroDetector detectIntroPrecomputed
INFO: Intro detection (precomputed) completed: 11 files in 70450ms
ago. 21, 2026 9:17:35 PM com.hvs.webstore.back.infra.media.DetectionLogger printSummary
INFO: === Detection Summary (ENDING) ===
Total files:      0
Detected:         0
Failed:           0
Avg confidence:   0,000
Total time (ms):  0

ago. 21, 2026 9:17:35 PM com.hvs.webstore.back.infra.media.ChromaprintEndingDetector detectEndingPrecomputed
INFO: Ending detection (precomputed) completed: 11 files in 100808ms
ago. 21, 2026 9:20:02 PM com.hvs.webstore.back.infra.media.DetectionLogger printSummary
INFO: === Detection Summary (INTRO) ===
Total files:      0
Detected:         0
Failed:           0
Avg confidence:   0,000
Total time (ms):  0

ago. 21, 2026 9:20:02 PM com.hvs.webstore.back.infra.media.ChromaprintIntroDetector detectIntroPrecomputed
INFO: Intro detection (precomputed) completed: 14 files in 86543ms
ago. 21, 2026 9:21:01 PM com.hvs.webstore.back.infra.media.DetectionLogger printSummary
INFO: === Detection Summary (ENDING) ===
Total files:      0
Detected:         0
Failed:           0
Avg confidence:   0,000
Total time (ms):  0

ago. 21, 2026 9:21:01 PM com.hvs.webstore.back.infra.media.ChromaprintEndingDetector detectEndingPrecomputed
INFO: Ending detection (precomputed) completed: 14 files in 144969ms
ago. 21, 2026 9:24:31 PM com.hvs.webstore.back.infra.media.DetectionLogger printSummary
INFO: === Detection Summary (INTRO) ===
Total files:      0
Detected:         0
Failed:           0
Avg confidence:   0,000
Total time (ms):  0

ago. 21, 2026 9:24:31 PM com.hvs.webstore.back.infra.media.ChromaprintIntroDetector detectIntroPrecomputed
INFO: Intro detection (precomputed) completed: 14 files in 101062ms
ago. 21, 2026 9:25:45 PM com.hvs.webstore.back.infra.media.DetectionLogger printSummary
INFO: === Detection Summary (ENDING) ===
Total files:      0
Detected:         0
Failed:           0
Avg confidence:   0,000
Total time (ms):  0

ago. 21, 2026 9:25:45 PM com.hvs.webstore.back.infra.media.ChromaprintEndingDetector detectEndingPrecomputed
INFO: Ending detection (precomputed) completed: 14 files in 174653ms
ago. 21, 2026 9:29:43 PM com.hvs.webstore.back.infra.media.DetectionLogger printSummary
INFO: === Detection Summary (INTRO) ===
Total files:      0
Detected:         0
Failed:           0
Avg confidence:   0,000
Total time (ms):  0

ago. 21, 2026 9:29:43 PM com.hvs.webstore.back.infra.media.ChromaprintIntroDetector detectIntroPrecomputed
INFO: Intro detection (precomputed) completed: 13 files in 99428ms
ago. 21, 2026 9:30:51 PM com.hvs.webstore.back.infra.media.DetectionLogger printSummary
INFO: === Detection Summary (ENDING) ===
Total files:      0
Detected:         0
Failed:           0
Avg confidence:   0,000
Total time (ms):  0

ago. 21, 2026 9:30:51 PM com.hvs.webstore.back.infra.media.ChromaprintEndingDetector detectEndingPrecomputed
INFO: Ending detection (precomputed) completed: 13 files in 167293ms
ago. 21, 2026 9:35:10 PM com.hvs.webstore.back.infra.media.DetectionLogger printSummary
INFO: === Detection Summary (INTRO) ===
Total files:      0
Detected:         0
Failed:           0
Avg confidence:   0,000
Total time (ms):  0

ago. 21, 2026 9:35:10 PM com.hvs.webstore.back.infra.media.ChromaprintIntroDetector detectIntroPrecomputed
INFO: Intro detection (precomputed) completed: 4 files in 125848ms
ago. 21, 2026 9:36:29 PM com.hvs.webstore.back.infra.media.DetectionLogger printSummary
INFO: === Detection Summary (ENDING) ===
Total files:      0
Detected:         0
Failed:           0
Avg confidence:   0,000
Total time (ms):  0

ago. 21, 2026 9:36:29 PM com.hvs.webstore.back.infra.media.ChromaprintEndingDetector detectEndingPrecomputed
INFO: Ending detection (precomputed) completed: 4 files in 204615ms
ago. 21, 2026 9:40:08 PM com.hvs.webstore.back.infra.media.DetectionLogger printSummary
INFO: === Detection Summary (ENDING) ===
Total files:      0
Detected:         0
Failed:           0
Avg confidence:   0,000
Total time (ms):  0

ago. 21, 2026 9:40:08 PM com.hvs.webstore.back.infra.media.ChromaprintEndingDetector detectEndingPrecomputed
INFO: Ending detection (precomputed) completed: 6 files in 184833ms
ago. 21, 2026 9:40:08 PM com.hvs.webstore.back.infra.media.DetectionLogger printSummary
INFO: === Detection Summary (INTRO) ===
Total files:      0
Detected:         0
Failed:           0
Avg confidence:   0,000
Total time (ms):  0

ago. 21, 2026 9:40:08 PM com.hvs.webstore.back.infra.media.ChromaprintIntroDetector detectIntroPrecomputed
INFO: Intro detection (precomputed) completed: 6 files in 185343ms
ago. 21, 2026 9:42:23 PM com.hvs.webstore.back.infra.media.DetectionLogger printSummary
INFO: === Detection Summary (INTRO) ===
Total files:      0
Detected:         0
Failed:           0
Avg confidence:   0,000
Total time (ms):  0

ago. 21, 2026 9:42:23 PM com.hvs.webstore.back.infra.media.ChromaprintIntroDetector detectIntroPrecomputed
INFO: Intro detection (precomputed) completed: 7 files in 95787ms
ago. 21, 2026 9:43:01 PM com.hvs.webstore.back.infra.media.DetectionLogger printSummary
INFO: === Detection Summary (ENDING) ===
Total files:      0
Detected:         0
Failed:           0
Avg confidence:   0,000
Total time (ms):  0

ago. 21, 2026 9:43:01 PM com.hvs.webstore.back.infra.media.ChromaprintEndingDetector detectEndingPrecomputed
INFO: Ending detection (precomputed) completed: 7 files in 134542ms
ago. 21, 2026 9:44:48 PM com.hvs.webstore.back.infra.media.DetectionLogger printSummary
INFO: === Detection Summary (INTRO) ===
Total files:      0
Detected:         0
Failed:           0
Avg confidence:   0,000
Total time (ms):  0

ago. 21, 2026 9:44:48 PM com.hvs.webstore.back.infra.media.ChromaprintIntroDetector detectIntroPrecomputed
INFO: Intro detection (precomputed) completed: 6 files in 74536ms
ago. 21, 2026 9:45:32 PM com.hvs.webstore.back.infra.media.DetectionLogger printSummary
INFO: === Detection Summary (ENDING) ===
Total files:      0
Detected:         0
Failed:           0
Avg confidence:   0,000
Total time (ms):  0

ago. 21, 2026 9:45:32 PM com.hvs.webstore.back.infra.media.ChromaprintEndingDetector detectEndingPrecomputed
INFO: Ending detection (precomputed) completed: 6 files in 118461ms
ago. 21, 2026 9:46:57 PM com.hvs.webstore.back.infra.media.DetectionLogger printSummary
INFO: === Detection Summary (INTRO) ===
Total files:      0
Detected:         0
Failed:           0
Avg confidence:   0,000
Total time (ms):  0

ago. 21, 2026 9:46:57 PM com.hvs.webstore.back.infra.media.ChromaprintIntroDetector detectIntroPrecomputed
INFO: Intro detection (precomputed) completed: 12 files in 55235ms
ago. 21, 2026 9:48:32 PM com.hvs.webstore.back.infra.media.DetectionLogger printSummary
INFO: === Detection Summary (ENDING) ===
Total files:      0
Detected:         0
Failed:           0
Avg confidence:   0,000
Total time (ms):  0

ago. 21, 2026 9:48:32 PM com.hvs.webstore.back.infra.media.ChromaprintEndingDetector detectEndingPrecomputed
INFO: Ending detection (precomputed) completed: 12 files in 150286ms
ago. 21, 2026 9:49:29 PM com.hvs.webstore.back.infra.media.DetectionLogger printSummary
INFO: === Detection Summary (ENDING) ===
Total files:      0
Detected:         0
Failed:           0
Avg confidence:   0,000
Total time (ms):  0

ago. 21, 2026 9:49:29 PM com.hvs.webstore.back.infra.media.ChromaprintEndingDetector detectEndingPrecomputed
INFO: Ending detection (precomputed) completed: 2 files in 137ms
ago. 21, 2026 9:49:29 PM com.hvs.webstore.back.infra.media.DetectionLogger printSummary
INFO: === Detection Summary (INTRO) ===
Total files:      0
Detected:         0
Failed:           0
Avg confidence:   0,000
Total time (ms):  0

ago. 21, 2026 9:49:29 PM com.hvs.webstore.back.infra.media.ChromaprintIntroDetector detectIntroPrecomputed
INFO: Intro detection (precomputed) completed: 2 files in 713ms
ago. 21, 2026 9:50:48 PM com.hvs.webstore.back.infra.media.DetectionLogger printSummary
INFO: === Detection Summary (INTRO) ===
Total files:      0
Detected:         0
Failed:           0
Avg confidence:   0,000
Total time (ms):  0

ago. 21, 2026 9:50:48 PM com.hvs.webstore.back.infra.media.ChromaprintIntroDetector detectIntroPrecomputed
INFO: Intro detection (precomputed) completed: 12 files in 67562ms
ago. 21, 2026 9:51:26 PM com.hvs.webstore.back.infra.media.DetectionLogger printSummary
INFO: === Detection Summary (ENDING) ===
Total files:      0
Detected:         0
Failed:           0
Avg confidence:   0,000
Total time (ms):  0

ago. 21, 2026 9:51:26 PM com.hvs.webstore.back.infra.media.ChromaprintEndingDetector detectEndingPrecomputed
INFO: Ending detection (precomputed) completed: 12 files in 105624ms
ago. 21, 2026 9:54:44 PM com.hvs.webstore.back.infra.media.DetectionLogger printSummary
INFO: === Detection Summary (INTRO) ===
Total files:      0
Detected:         0
Failed:           0
Avg confidence:   0,000
Total time (ms):  0

ago. 21, 2026 9:54:44 PM com.hvs.webstore.back.infra.media.ChromaprintIntroDetector detectIntroPrecomputed
INFO: Intro detection (precomputed) completed: 24 files in 135282ms
ago. 21, 2026 9:55:50 PM com.hvs.webstore.back.infra.media.DetectionLogger printSummary
INFO: === Detection Summary (ENDING) ===
Total files:      0
Detected:         0
Failed:           0
Avg confidence:   0,000
Total time (ms):  0

ago. 21, 2026 9:55:50 PM com.hvs.webstore.back.infra.media.ChromaprintEndingDetector detectEndingPrecomputed
INFO: Ending detection (precomputed) completed: 24 files in 201228ms
ago. 21, 2026 9:59:07 PM com.hvs.webstore.back.infra.media.DetectionLogger printSummary
INFO: === Detection Summary (INTRO) ===
Total files:      0
Detected:         0
Failed:           0
Avg confidence:   0,000
Total time (ms):  0

ago. 21, 2026 9:59:07 PM com.hvs.webstore.back.infra.media.ChromaprintIntroDetector detectIntroPrecomputed
INFO: Intro detection (precomputed) completed: 13 files in 73310ms
ago. 21, 2026 9:59:43 PM com.hvs.webstore.back.infra.media.DetectionLogger printSummary
INFO: === Detection Summary (ENDING) ===
Total files:      0
Detected:         0
Failed:           0
Avg confidence:   0,000
Total time (ms):  0

ago. 21, 2026 9:59:43 PM com.hvs.webstore.back.infra.media.ChromaprintEndingDetector detectEndingPrecomputed
INFO: Ending detection (precomputed) completed: 13 files in 109333ms
ago. 21, 2026 10:02:24 PM com.hvs.webstore.back.infra.media.DetectionLogger printSummary
INFO: === Detection Summary (ENDING) ===
Total files:      0
Detected:         0
Failed:           0
Avg confidence:   0,000
Total time (ms):  0

ago. 21, 2026 10:02:24 PM com.hvs.webstore.back.infra.media.ChromaprintEndingDetector detectEndingPrecomputed
INFO: Ending detection (precomputed) completed: 161 files in 83694ms
ago. 21, 2026 10:03:46 PM com.hvs.webstore.back.infra.media.DetectionLogger printSummary
INFO: === Detection Summary (INTRO) ===
Total files:      0
Detected:         0
Failed:           0
Avg confidence:   0,000
Total time (ms):  0

ago. 21, 2026 10:03:46 PM com.hvs.webstore.back.infra.media.ChromaprintIntroDetector detectIntroPrecomputed
INFO: Intro detection (precomputed) completed: 161 files in 165775ms
ago. 21, 2026 10:09:39 PM com.hvs.webstore.back.infra.media.DetectionLogger printSummary
INFO: === Detection Summary (INTRO) ===
Total files:      0
Detected:         0
Failed:           0
Avg confidence:   0,000
Total time (ms):  0

ago. 21, 2026 10:09:39 PM com.hvs.webstore.back.infra.media.ChromaprintIntroDetector detectIntroPrecomputed
INFO: Intro detection (precomputed) completed: 24 files in 127570ms
ago. 21, 2026 10:10:06 PM com.hvs.webstore.back.infra.media.DetectionLogger printSummary
INFO: === Detection Summary (ENDING) ===
Total files:      0
Detected:         0
Failed:           0
Avg confidence:   0,000
Total time (ms):  0

ago. 21, 2026 10:10:06 PM com.hvs.webstore.back.infra.media.ChromaprintEndingDetector detectEndingPrecomputed
INFO: Ending detection (precomputed) completed: 24 files in 154685ms
ago. 21, 2026 10:12:10 PM com.hvs.webstore.back.infra.media.DetectionLogger printSummary
INFO: === Detection Summary (INTRO) ===
Total files:      0
Detected:         0
Failed:           0
Avg confidence:   0,000
Total time (ms):  0

ago. 21, 2026 10:12:10 PM com.hvs.webstore.back.infra.media.ChromaprintIntroDetector detectIntroPrecomputed
INFO: Intro detection (precomputed) completed: 13 files in 58677ms
ago. 21, 2026 10:12:29 PM com.hvs.webstore.back.infra.media.DetectionLogger printSummary
INFO: === Detection Summary (ENDING) ===
Total files:      0
Detected:         0
Failed:           0
Avg confidence:   0,000
Total time (ms):  0

ago. 21, 2026 10:12:29 PM com.hvs.webstore.back.infra.media.ChromaprintEndingDetector detectEndingPrecomputed
INFO: Ending detection (precomputed) completed: 13 files in 77619ms
ago. 21, 2026 10:13:53 PM com.hvs.webstore.back.infra.media.DetectionLogger printSummary
INFO: === Detection Summary (ENDING) ===
Total files:      0
Detected:         0
Failed:           0
Avg confidence:   0,000
Total time (ms):  0

ago. 21, 2026 10:13:53 PM com.hvs.webstore.back.infra.media.ChromaprintEndingDetector detectEndingPrecomputed
INFO: Ending detection (precomputed) completed: 49 files in 19698ms
ago. 21, 2026 10:14:08 PM com.hvs.webstore.back.infra.media.DetectionLogger printSummary
INFO: === Detection Summary (INTRO) ===
Total files:      0
Detected:         0
Failed:           0
Avg confidence:   0,000
Total time (ms):  0

ago. 21, 2026 10:14:08 PM com.hvs.webstore.back.infra.media.ChromaprintIntroDetector detectIntroPrecomputed
INFO: Intro detection (precomputed) completed: 49 files in 34888ms
ago. 21, 2026 10:18:29 PM com.hvs.webstore.back.infra.media.DetectionLogger printSummary
INFO: === Detection Summary (INTRO) ===
Total files:      0
Detected:         0
Failed:           0
Avg confidence:   0,000
Total time (ms):  0

ago. 21, 2026 10:18:29 PM com.hvs.webstore.back.infra.media.ChromaprintIntroDetector detectIntroPrecomputed
INFO: Intro detection (precomputed) completed: 48 files in 51947ms
ago. 21, 2026 10:18:45 PM com.hvs.webstore.back.infra.media.DetectionLogger printSummary
INFO: === Detection Summary (ENDING) ===
Total files:      0
Detected:         0
Failed:           0
Avg confidence:   0,000
Total time (ms):  0

ago. 21, 2026 10:18:45 PM com.hvs.webstore.back.infra.media.ChromaprintEndingDetector detectEndingPrecomputed
INFO: Ending detection (precomputed) completed: 48 files in 67771ms
ago. 21, 2026 10:22:33 PM com.hvs.webstore.back.infra.media.DetectionLogger printSummary
INFO: === Detection Summary (INTRO) ===
Total files:      0
Detected:         0
Failed:           0
Avg confidence:   0,000
Total time (ms):  0

ago. 21, 2026 10:22:33 PM com.hvs.webstore.back.infra.media.ChromaprintIntroDetector detectIntroPrecomputed
INFO: Intro detection (precomputed) completed: 23 files in 20225ms
ago. 21, 2026 10:23:34 PM com.hvs.webstore.back.infra.media.DetectionLogger printSummary
INFO: === Detection Summary (ENDING) ===
Total files:      0
Detected:         0
Failed:           0
Avg confidence:   0,000
Total time (ms):  0

ago. 21, 2026 10:23:34 PM com.hvs.webstore.back.infra.media.ChromaprintEndingDetector detectEndingPrecomputed
INFO: Ending detection (precomputed) completed: 23 files in 80774ms
ago. 21, 2026 10:25:20 PM com.hvs.webstore.back.infra.media.DetectionLogger printSummary
INFO: === Detection Summary (INTRO) ===
Total files:      0
Detected:         0
Failed:           0
Avg confidence:   0,000
Total time (ms):  0

ago. 21, 2026 10:25:20 PM com.hvs.webstore.back.infra.media.ChromaprintIntroDetector detectIntroPrecomputed
INFO: Intro detection (precomputed) completed: 40 files in 12205ms
ago. 21, 2026 10:26:35 PM com.hvs.webstore.back.infra.media.DetectionLogger printSummary
INFO: === Detection Summary (ENDING) ===
Total files:      0
Detected:         0
Failed:           0
Avg confidence:   0,000
Total time (ms):  0

ago. 21, 2026 10:26:35 PM com.hvs.webstore.back.infra.media.ChromaprintEndingDetector detectEndingPrecomputed
INFO: Ending detection (precomputed) completed: 40 files in 87741ms
